order_id,order_date,ship_date,ship_mode,customer_id,product_id,sales,quantity,discount,profit
CA-2016-152156,2016-11-08,2016-11-11,"Second Class",CG-12520,FUR-BO-10001798,261.96,2,0,41.9136
CA-2016-152156,2016-11-08,2016-11-11,"Second Class",CG-12520,FUR-CH-10000454,731.94,3,0,219.582
CA-2016-138688,2016-06-12,2016-06-16,"Second Class",DV-13045,OFF-LA-10000240,14.62,2,0,6.8714
US-2015-108966,2015-10-11,2015-10-18,"Standard Class",SO-20335,FUR-TA-10000577,957.5775,5,0.45,-383.031
US-2015-108966,2015-10-11,2015-10-18,"Standard Class",SO-20335,OFF-ST-10000760,22.368,2,0.2,2.5164
CA-2014-115812,2014-06-09,2014-06-14,"Standard Class",BH-11710,FUR-FU-10001487,48.86,7,0,14.1694
CA-2014-115812,2014-06-09,2014-06-14,"Standard Class",BH-11710,OFF-AR-10002833,7.28,4,0,1.9656
CA-2014-115812,2014-06-09,2014-06-14,"Standard Class",BH-11710,TEC-PH-10002275,907.152,6,0.2,90.7152
CA-2014-115812,2014-06-09,2014-06-14,"Standard Class",BH-11710,OFF-BI-10003910,18.504,3,0.2,5.7825
CA-2014-115812,2014-06-09,2014-06-14,"Standard Class",BH-11710,OFF-AP-10002892,114.9,5,0,34.47
CA-2014-115812,2014-06-09,2014-06-14,"Standard Class",BH-11710,FUR-TA-10001539,1706.184,9,0.2,85.3092
CA-2014-115812,2014-06-09,2014-06-14,"Standard Class",BH-11710,TEC-PH-10002033,911.424,4,0.2,68.3568
CA-2017-114412,2017-04-15,2017-04-20,"Standard Class",AA-10480,OFF-PA-10002365,15.552,3,0.2,5.4432
CA-2016-161389,2016-12-05,2016-12-10,"Standard Class",IM-15070,OFF-BI-10003656,407.976,3,0.2,132.5922
US-2015-118983,2015-11-22,2015-11-26,"Standard Class",HP-14815,OFF-AP-10002311,68.81,5,0.8,-123.858
US-2015-118983,2015-11-22,2015-11-26,"Standard Class",HP-14815,OFF-BI-10000756,2.544,3,0.8,-3.816
CA-2014-105893,2014-11-11,2014-11-18,"Standard Class",PK-19075,OFF-ST-10004186,665.88,6,0,13.3176
CA-2014-167164,2014-05-13,2014-05-15,"Second Class",AG-10270,OFF-ST-10000107,55.5,2,0,9.99
CA-2014-143336,2014-08-27,2014-09-01,"Second Class",ZD-21925,OFF-AR-10003056,8.56,2,0,2.4824
CA-2014-143336,2014-08-27,2014-09-01,"Second Class",ZD-21925,TEC-PH-10001949,213.48,3,0.2,16.011
CA-2014-143336,2014-08-27,2014-09-01,"Second Class",ZD-21925,OFF-BI-10002215,22.72,4,0.2,7.384
CA-2016-137330,2016-12-09,2016-12-13,"Standard Class",KB-16585,OFF-AR-10000246,19.46,7,0,5.0596
CA-2016-137330,2016-12-09,2016-12-13,"Standard Class",KB-16585,OFF-AP-10001492,60.34,7,0,15.6884
US-2017-156909,2017-07-16,2017-07-18,"Second Class",SF-20065,FUR-CH-10002774,71.372,2,0.3,-1.0196
CA-2015-106320,2015-09-25,2015-09-30,"Standard Class",EB-13870,FUR-TA-10000577,1044.63,3,0,240.2649
CA-2016-121755,2016-01-16,2016-01-20,"Second Class",EH-13945,OFF-BI-10001634,11.648,2,0.2,4.2224
CA-2016-121755,2016-01-16,2016-01-20,"Second Class",EH-13945,TEC-AC-10003027,90.57,3,0,11.7741
US-2015-150630,2015-09-17,2015-09-21,"Standard Class",TB-21520,FUR-BO-10004834,3083.43,7,0.5,-1665.0522
US-2015-150630,2015-09-17,2015-09-21,"Standard Class",TB-21520,OFF-BI-10000474,9.618,2,0.7,-7.0532
US-2015-150630,2015-09-17,2015-09-21,"Standard Class",TB-21520,FUR-FU-10004848,124.2,3,0.2,15.525
US-2015-150630,2015-09-17,2015-09-21,"Standard Class",TB-21520,OFF-EN-10001509,3.264,2,0.2,1.1016
US-2015-150630,2015-09-17,2015-09-21,"Standard Class",TB-21520,OFF-AR-10004042,86.304,6,0.2,9.7092
US-2015-150630,2015-09-17,2015-09-21,"Standard Class",TB-21520,OFF-AR-10001683,15.76,2,0.2,3.546
CA-2017-107727,2017-10-19,2017-10-23,"Second Class",MA-17560,OFF-PA-10000249,29.472,3,0.2,9.9468
CA-2016-117590,2016-12-08,2016-12-10,"First Class",GH-14485,TEC-PH-10004977,1097.544,7,0.2,123.4737
CA-2016-117590,2016-12-08,2016-12-10,"First Class",GH-14485,FUR-FU-10003664,190.92,5,0.6,-147.963
CA-2015-117415,2015-12-27,2015-12-31,"Standard Class",SN-20710,OFF-EN-10002986,113.328,9,0.2,35.415
CA-2015-117415,2015-12-27,2015-12-31,"Standard Class",SN-20710,FUR-BO-10002545,532.3992,3,0.32,-46.9764
CA-2015-117415,2015-12-27,2015-12-31,"Standard Class",SN-20710,FUR-CH-10004218,212.058,3,0.3,-15.147
CA-2015-117415,2015-12-27,2015-12-31,"Standard Class",SN-20710,TEC-PH-10000486,371.168,4,0.2,41.7564
CA-2017-120999,2017-09-10,2017-09-15,"Standard Class",LC-16930,TEC-PH-10004093,147.168,4,0.2,16.5564
CA-2016-101343,2016-07-17,2016-07-22,"Standard Class",RA-19885,OFF-ST-10003479,77.88,2,0,3.894
CA-2017-139619,2017-09-19,2017-09-23,"Standard Class",ES-14080,OFF-ST-10003282,95.616,2,0.2,9.5616
CA-2016-118255,2016-03-11,2016-03-13,"First Class",ON-18715,TEC-AC-10000171,45.98,2,0,19.7714
CA-2016-118255,2016-03-11,2016-03-13,"First Class",ON-18715,OFF-BI-10003291,17.46,2,0,8.2062
CA-2014-146703,2014-10-20,2014-10-25,"Second Class",PO-18865,OFF-ST-10001713,211.96,4,0,8.4784
CA-2016-169194,2016-06-20,2016-06-25,"Standard Class",LH-16900,TEC-AC-10002167,45,3,0,4.95
CA-2016-169194,2016-06-20,2016-06-25,"Standard Class",LH-16900,TEC-PH-10003988,21.8,2,0,6.104
CA-2015-115742,2015-04-18,2015-04-22,"Standard Class",DP-13000,OFF-BI-10004410,38.22,6,0,17.9634
CA-2015-115742,2015-04-18,2015-04-22,"Standard Class",DP-13000,OFF-LA-10002762,75.18,6,0,35.3346
CA-2015-115742,2015-04-18,2015-04-22,"Standard Class",DP-13000,FUR-FU-10001706,6.16,2,0,2.9568
CA-2015-115742,2015-04-18,2015-04-22,"Standard Class",DP-13000,FUR-CH-10003061,89.99,1,0,17.0981
CA-2016-105816,2016-12-11,2016-12-17,"Standard Class",JM-15265,OFF-FA-10000304,15.26,7,0,6.2566
CA-2016-105816,2016-12-11,2016-12-17,"Standard Class",JM-15265,TEC-PH-10002447,1029.95,5,0,298.6855
CA-2016-111682,2016-06-17,2016-06-18,"First Class",TB-21055,OFF-ST-10000604,208.56,6,0,52.14
CA-2016-111682,2016-06-17,2016-06-18,"First Class",TB-21055,OFF-PA-10001569,32.4,5,0,15.552
CA-2016-111682,2016-06-17,2016-06-18,"First Class",TB-21055,FUR-CH-10003968,319.41,5,0.1,7.098
CA-2016-111682,2016-06-17,2016-06-18,"First Class",TB-21055,OFF-PA-10000587,14.56,2,0,6.9888
CA-2016-111682,2016-06-17,2016-06-18,"First Class",TB-21055,TEC-AC-10002167,30,2,0,3.3
CA-2016-111682,2016-06-17,2016-06-18,"First Class",TB-21055,OFF-BI-10001460,48.48,4,0.2,16.362
CA-2016-111682,2016-06-17,2016-06-18,"First Class",TB-21055,OFF-AR-10001868,1.68,1,0,0.84
CA-2015-135545,2015-11-24,2015-11-30,"Standard Class",KM-16720,TEC-AC-10004633,13.98,2,0,6.1512
CA-2015-135545,2015-11-24,2015-11-30,"Standard Class",KM-16720,OFF-BI-10001078,25.824,6,0.2,9.3612
CA-2015-135545,2015-11-24,2015-11-30,"Standard Class",KM-16720,OFF-PA-10003892,146.73,3,0,68.9631
CA-2015-135545,2015-11-24,2015-11-30,"Standard Class",KM-16720,FUR-FU-10000397,79.76,4,0,22.3328
US-2015-164175,2015-04-30,2015-05-05,"Standard Class",PS-18970,FUR-CH-10001146,213.115,5,0.3,-15.2225
CA-2014-106376,2014-12-05,2014-12-10,"Standard Class",BS-11590,OFF-AR-10002671,1113.024,8,0.2,111.3024
CA-2014-106376,2014-12-05,2014-12-10,"Standard Class",BS-11590,TEC-PH-10002726,167.968,4,0.2,62.988
CA-2016-119823,2016-06-04,2016-06-06,"First Class",KD-16270,OFF-PA-10000482,75.88,2,0,35.6636
CA-2016-106075,2016-09-18,2016-09-23,"Standard Class",HM-14980,OFF-BI-10004654,4.616,1,0.2,1.731
CA-2017-114440,2017-09-14,2017-09-17,"Second Class",TB-21520,OFF-PA-10004675,19.05,3,0,8.763
US-2015-134026,2015-04-26,2015-05-02,"Standard Class",JE-15745,FUR-CH-10000513,831.936,8,0.2,-114.3912
US-2015-134026,2015-04-26,2015-05-02,"Standard Class",JE-15745,FUR-FU-10003708,97.04,2,0.2,1.213
US-2015-134026,2015-04-26,2015-05-02,"Standard Class",JE-15745,OFF-ST-10004123,72.784,1,0.2,-18.196
US-2017-118038,2017-12-09,2017-12-11,"First Class",KB-16600,OFF-BI-10004182,1.248,3,0.8,-1.9344
US-2017-118038,2017-12-09,2017-12-11,"First Class",KB-16600,OFF-ST-10000615,27.24,3,0.2,2.724
US-2014-147606,2014-11-26,2014-12-01,"Second Class",JE-15745,FUR-FU-10003194,19.3,5,0.6,-14.475
CA-2016-127208,2016-06-12,2016-06-15,"First Class",SC-20770,OFF-AP-10002118,208.16,1,0,56.2032
CA-2016-127208,2016-06-12,2016-06-15,"First Class",SC-20770,OFF-BI-10002309,16.74,3,0,8.0352
CA-2014-139451,2014-10-12,2014-10-16,"Standard Class",DN-13690,OFF-AR-10002053,14.9,5,0,4.172
CA-2014-139451,2014-10-12,2014-10-16,"Standard Class",DN-13690,OFF-ST-10002370,21.39,1,0,6.2031
CA-2015-149734,2015-09-03,2015-09-08,"Standard Class",JC-16105,OFF-EN-10000927,200.984,7,0.2,62.8075
US-2017-119662,2017-11-13,2017-11-16,"First Class",CS-12400,OFF-ST-10003656,230.376,3,0.2,-48.9549
CA-2017-140088,2017-05-28,2017-05-30,"Second Class",PO-18865,FUR-CH-10000863,301.96,2,0,33.2156
CA-2017-155558,2017-10-26,2017-11-02,"Standard Class",PG-18895,TEC-AC-10001998,19.99,1,0,6.7966
CA-2017-155558,2017-10-26,2017-11-02,"Standard Class",PG-18895,OFF-LA-10000134,6.16,2,0,2.9568
CA-2016-159695,2016-04-05,2016-04-10,"Second Class",GM-14455,OFF-ST-10003442,158.368,7,0.2,13.8572
CA-2016-109806,2016-09-17,2016-09-22,"Standard Class",JS-15685,OFF-AR-10004930,20.1,3,0,6.633
CA-2016-109806,2016-09-17,2016-09-22,"Standard Class",JS-15685,TEC-PH-10004093,73.584,2,0.2,8.2782
CA-2016-109806,2016-09-17,2016-09-22,"Standard Class",JS-15685,OFF-PA-10000304,6.48,1,0,3.1104
CA-2015-149587,2015-01-31,2015-02-05,"Second Class",KB-16315,OFF-PA-10003177,12.96,2,0,6.2208
CA-2015-149587,2015-01-31,2015-02-05,"Second Class",KB-16315,FUR-FU-10003799,53.34,3,0,16.5354
CA-2015-149587,2015-01-31,2015-02-05,"Second Class",KB-16315,OFF-BI-10002852,32.96,2,0,16.1504
US-2017-109484,2017-11-06,2017-11-12,"Standard Class",RB-19705,OFF-BI-10004738,5.682,1,0.7,-3.788
CA-2017-161018,2017-11-09,2017-11-11,"Second Class",PN-18775,FUR-FU-10000629,96.53,7,0,40.5426
CA-2017-157833,2017-06-17,2017-06-20,"First Class",KD-16345,OFF-BI-10001721,51.312,3,0.2,17.9592
CA-2016-149223,2016-09-06,2016-09-11,"Standard Class",ER-13855,OFF-AP-10000358,77.88,6,0,22.5852
CA-2016-158568,2016-08-29,2016-09-02,"Standard Class",RB-19465,OFF-PA-10003256,64.624,7,0.2,22.6184
CA-2016-158568,2016-08-29,2016-09-02,"Standard Class",RB-19465,TEC-AC-10001767,95.976,3,0.2,-10.7973
CA-2016-158568,2016-08-29,2016-09-02,"Standard Class",RB-19465,OFF-BI-10002609,1.788,3,0.8,-3.0396
CA-2016-129903,2016-12-01,2016-12-04,"Second Class",GZ-14470,OFF-PA-10004040,23.92,4,0,11.7208
US-2015-156867,2015-11-13,2015-11-17,"Standard Class",LC-16870,TEC-AC-10001552,238.896,6,0.2,-26.8758
US-2015-156867,2015-11-13,2015-11-17,"Standard Class",LC-16870,FUR-FU-10004006,102.36,3,0.2,-3.8385
CA-2017-119004,2017-11-23,2017-11-28,"Standard Class",JM-15250,TEC-AC-10003499,74.112,8,0.2,17.6016
CA-2017-119004,2017-11-23,2017-11-28,"Standard Class",JM-15250,TEC-PH-10002844,27.992,1,0.2,2.0994
CA-2017-119004,2017-11-23,2017-11-28,"Standard Class",JM-15250,OFF-AR-10000390,3.304,1,0.2,1.0738
CA-2015-129476,2015-10-15,2015-10-20,"Standard Class",PA-19060,TEC-AC-10000844,339.96,5,0.2,67.992
CA-2017-146780,2017-12-25,2017-12-30,"Standard Class",CV-12805,FUR-FU-10001934,41.96,2,0,10.9096
CA-2016-128867,2016-11-03,2016-11-10,"Standard Class",CL-12565,OFF-AR-10000380,75.96,2,0,22.788
CA-2016-128867,2016-11-03,2016-11-10,"Standard Class",CL-12565,OFF-BI-10003981,27.24,6,0,13.3476
CA-2014-115259,2014-08-25,2014-08-27,"Second Class",RC-19960,OFF-FA-10000621,40.096,14,0.2,14.5348
CA-2014-115259,2014-08-25,2014-08-27,"Second Class",RC-19960,OFF-EN-10002600,4.72,2,0.2,1.652
CA-2014-115259,2014-08-25,2014-08-27,"Second Class",RC-19960,OFF-PA-10004965,23.976,3,0.2,7.4925
CA-2014-115259,2014-08-25,2014-08-27,"Second Class",RC-19960,OFF-EN-10002504,130.464,6,0.2,44.0316
CA-2015-110457,2015-03-02,2015-03-06,"Standard Class",DK-13090,FUR-TA-10001768,787.53,3,0,165.3813
US-2015-136476,2015-04-05,2015-04-10,"Standard Class",GG-14650,OFF-BI-10003650,157.794,1,0.7,-115.7156
CA-2016-103730,2016-06-12,2016-06-15,"First Class",SC-20725,FUR-FU-10002157,47.04,3,0,18.3456
CA-2016-103730,2016-06-12,2016-06-15,"First Class",SC-20725,OFF-BI-10003910,30.84,4,0,13.878
CA-2016-103730,2016-06-12,2016-06-15,"First Class",SC-20725,OFF-ST-10000777,226.56,6,0,63.4368
CA-2016-103730,2016-06-12,2016-06-15,"First Class",SC-20725,OFF-EN-10002500,115.02,9,0,51.759
CA-2016-103730,2016-06-12,2016-06-15,"First Class",SC-20725,TEC-PH-10003875,68.04,7,0,19.7316
US-2014-152030,2014-12-26,2014-12-28,"Second Class",AD-10180,FUR-CH-10004063,600.558,3,0.3,-8.5794
US-2014-134614,2014-09-20,2014-09-25,"Standard Class",PF-19165,FUR-TA-10004534,617.7,6,0.5,-407.682
US-2017-107272,2017-11-05,2017-11-12,"Standard Class",TS-21610,OFF-BI-10003274,2.388,2,0.7,-1.8308
US-2017-107272,2017-11-05,2017-11-12,"Standard Class",TS-21610,OFF-ST-10002974,243.992,7,0.2,30.499
US-2016-125969,2016-11-06,2016-11-10,"Second Class",LS-16975,FUR-CH-10001146,81.424,2,0.2,-9.1602
US-2016-125969,2016-11-06,2016-11-10,"Second Class",LS-16975,FUR-FU-10003773,238.56,3,0,26.2416
US-2017-164147,2017-02-02,2017-02-05,"First Class",DW-13585,TEC-PH-10002293,59.97,5,0.4,-11.994
US-2017-164147,2017-02-02,2017-02-05,"First Class",DW-13585,OFF-PA-10002377,78.304,2,0.2,29.364
US-2017-164147,2017-02-02,2017-02-05,"First Class",DW-13585,OFF-FA-10002780,21.456,9,0.2,6.9732
CA-2016-145583,2016-10-13,2016-10-19,"Standard Class",LC-16885,OFF-PA-10001804,20.04,3,0,9.6192
CA-2016-145583,2016-10-13,2016-10-19,"Standard Class",LC-16885,OFF-PA-10001736,35.44,1,0,16.6568
CA-2016-145583,2016-10-13,2016-10-19,"Standard Class",LC-16885,OFF-AR-10001149,11.52,4,0,3.456
CA-2016-145583,2016-10-13,2016-10-19,"Standard Class",LC-16885,OFF-FA-10002988,4.02,2,0,1.9698
CA-2016-145583,2016-10-13,2016-10-19,"Standard Class",LC-16885,OFF-BI-10004781,76.176,3,0.2,26.6616
CA-2016-145583,2016-10-13,2016-10-19,"Standard Class",LC-16885,OFF-SU-10001218,65.88,6,0,18.4464
CA-2016-145583,2016-10-13,2016-10-19,"Standard Class",LC-16885,FUR-FU-10001706,43.12,14,0,20.6976
CA-2016-110366,2016-09-05,2016-09-07,"Second Class",JD-15895,FUR-FU-10004848,82.8,2,0.2,10.35
CA-2017-106180,2017-09-18,2017-09-23,"Standard Class",SH-19975,OFF-AR-10000940,8.82,3,0,2.3814
CA-2017-106180,2017-09-18,2017-09-23,"Standard Class",SH-19975,OFF-EN-10004030,10.86,3,0,5.1042
CA-2017-106180,2017-09-18,2017-09-23,"Standard Class",SH-19975,OFF-PA-10004327,143.7,3,0,68.976
CA-2017-155376,2017-12-22,2017-12-27,"Standard Class",SG-20080,OFF-AP-10001058,839.43,3,0,218.2518
CA-2015-110744,2015-09-07,2015-09-12,"Standard Class",HA-14920,OFF-ST-10003656,671.93,7,0,20.1579
CA-2014-110072,2014-10-22,2014-10-28,"Standard Class",MG-17680,FUR-FU-10000521,93.888,4,0.2,12.9096
CA-2016-114489,2016-12-05,2016-12-09,"Standard Class",JE-16165,TEC-PH-10000215,384.45,11,0,103.8015
CA-2016-114489,2016-12-05,2016-12-09,"Standard Class",JE-16165,TEC-PH-10001448,149.97,3,0,5.9988
CA-2016-114489,2016-12-05,2016-12-09,"Standard Class",JE-16165,FUR-CH-10000454,1951.84,8,0,585.552
CA-2016-114489,2016-12-05,2016-12-09,"Standard Class",JE-16165,OFF-BI-10002735,171.55,5,0,80.6285
CA-2016-158834,2016-03-13,2016-03-16,"First Class",TW-21025,OFF-AP-10000326,157.92,5,0.2,17.766
CA-2016-158834,2016-03-13,2016-03-16,"First Class",TW-21025,TEC-PH-10001254,203.184,2,0.2,15.2388
CA-2015-124919,2015-05-31,2015-06-02,"First Class",SP-20650,OFF-PA-10001950,58.38,7,0,26.271
CA-2015-124919,2015-05-31,2015-06-02,"First Class",SP-20650,OFF-PA-10002254,105.52,4,0,48.5392
CA-2015-124919,2015-05-31,2015-06-02,"First Class",SP-20650,OFF-ST-10001590,80.88,6,0,21.0288
CA-2015-118948,2015-05-28,2015-06-03,"Standard Class",NK-18490,OFF-AR-10001547,6.63,3,0,1.7901
CA-2014-104269,2014-03-01,2014-03-06,"Second Class",DB-13060,FUR-CH-10004063,457.568,2,0.2,51.4764
CA-2016-114104,2016-11-20,2016-11-24,"Standard Class",NP-18670,OFF-LA-10002475,14.62,2,0,6.8714
CA-2016-114104,2016-11-20,2016-11-24,"Standard Class",NP-18670,TEC-PH-10004536,944.93,7,0,236.2325
CA-2016-162733,2016-05-11,2016-05-12,"First Class",TT-21070,OFF-PA-10002751,5.98,1,0,2.691
CA-2015-119697,2015-12-28,2015-12-31,"Second Class",EM-13960,TEC-AC-10003657,54.384,2,0.2,1.3596
CA-2016-154508,2016-11-16,2016-11-20,"Standard Class",RD-19900,OFF-EN-10001990,28.4,5,0,13.348
CA-2016-113817,2016-11-07,2016-11-11,"Standard Class",MJ-17740,OFF-BI-10004002,27.68,2,0.2,9.688
CA-2014-139892,2014-09-08,2014-09-12,"Standard Class",BM-11140,OFF-AR-10004441,9.936,3,0.2,2.7324
CA-2014-139892,2014-09-08,2014-09-12,"Standard Class",BM-11140,TEC-MA-10000822,8159.952,8,0.4,-1359.992
CA-2014-139892,2014-09-08,2014-09-12,"Standard Class",BM-11140,OFF-ST-10000991,275.928,3,0.2,-58.6347
CA-2014-139892,2014-09-08,2014-09-12,"Standard Class",BM-11140,FUR-CH-10004287,1740.06,9,0.3,-24.858
CA-2014-139892,2014-09-08,2014-09-12,"Standard Class",BM-11140,OFF-AR-10002656,32.064,6,0.2,6.8136
CA-2014-139892,2014-09-08,2014-09-12,"Standard Class",BM-11140,OFF-AP-10002518,177.98,5,0.8,-453.849
CA-2014-139892,2014-09-08,2014-09-12,"Standard Class",BM-11140,TEC-PH-10003931,143.976,3,0.2,8.9985
CA-2014-118962,2014-08-05,2014-08-09,"Standard Class",CS-12130,OFF-PA-10000659,20.94,3,0,9.8418
CA-2014-118962,2014-08-05,2014-08-09,"Standard Class",CS-12130,OFF-PA-10001144,110.96,2,0,53.2608
CA-2014-118962,2014-08-05,2014-08-09,"Standard Class",CS-12130,FUR-CH-10003817,340.144,7,0.2,21.259
US-2014-100853,2014-09-14,2014-09-19,"Standard Class",JB-15400,OFF-AP-10000891,52.448,2,0.8,-131.12
US-2014-100853,2014-09-14,2014-09-19,"Standard Class",JB-15400,OFF-LA-10003148,20.16,4,0.2,6.552
US-2017-152366,2017-04-21,2017-04-25,"Second Class",SJ-20500,OFF-AP-10002684,97.264,4,0.8,-243.16
US-2015-101511,2015-11-21,2015-11-23,"Second Class",JE-15745,FUR-CH-10004698,396.802,7,0.3,-11.3372
US-2015-101511,2015-11-21,2015-11-23,"Second Class",JE-15745,OFF-SU-10002189,15.88,5,0.2,-3.7715
CA-2015-137225,2015-12-15,2015-12-19,"Standard Class",JK-15640,OFF-AR-10001940,3.28,1,0,1.4104
CA-2014-166191,2014-12-05,2014-12-09,"Second Class",DK-13150,OFF-ST-10003455,24.816,2,0.2,1.8612
CA-2014-166191,2014-12-05,2014-12-09,"Second Class",DK-13150,TEC-AC-10004659,408.744,7,0.2,76.6395
CA-2014-158274,2014-11-19,2014-11-24,"Second Class",RM-19675,TEC-PH-10003273,503.96,4,0,131.0296
CA-2014-158274,2014-11-19,2014-11-24,"Second Class",RM-19675,TEC-PH-10004896,149.95,5,0,41.986
CA-2014-158274,2014-11-19,2014-11-24,"Second Class",RM-19675,TEC-AC-10002345,29,2,0,7.25
CA-2016-105018,2016-11-28,2016-12-02,"Standard Class",SK-19990,OFF-BI-10001890,7.16,2,0,3.4368
CA-2014-123260,2014-08-26,2014-08-30,"Standard Class",FM-14290,TEC-AC-10002323,176.8,8,0,22.984
CA-2016-157000,2016-07-16,2016-07-22,"Standard Class",AM-10360,OFF-ST-10001328,37.224,3,0.2,3.7224
CA-2016-157000,2016-07-16,2016-07-22,"Standard Class",AM-10360,OFF-PA-10001950,20.016,3,0.2,6.255
CA-2015-102281,2015-10-12,2015-10-14,"First Class",MP-17470,FUR-BO-10002613,899.136,4,0.2,112.392
CA-2015-102281,2015-10-12,2015-10-14,"First Class",MP-17470,TEC-PH-10001552,71.76,6,0,20.0928
CA-2015-102281,2015-10-12,2015-10-14,"First Class",MP-17470,OFF-PA-10000061,51.84,8,0,24.8832
CA-2015-102281,2015-10-12,2015-10-14,"First Class",MP-17470,FUR-BO-10002545,626.352,3,0.2,46.9764
CA-2015-102281,2015-10-12,2015-10-14,"First Class",MP-17470,OFF-AR-10003514,19.9,5,0,6.567
CA-2015-131457,2015-10-31,2015-11-06,"Standard Class",MZ-17515,OFF-EN-10001509,14.28,7,0,6.7116
CA-2014-140004,2014-03-21,2014-03-25,"Standard Class",CB-12025,OFF-AR-10004685,7.408,2,0.2,1.2038
CA-2014-140004,2014-03-21,2014-03-25,"Standard Class",CB-12025,OFF-AR-10004027,6.048,3,0.2,1.5876
CA-2017-107720,2017-11-06,2017-11-13,"Standard Class",VM-21685,OFF-ST-10001414,46.26,3,0,12.0276
US-2017-124303,2017-07-06,2017-07-13,"Standard Class",FH-14365,OFF-PA-10002749,16.056,3,0.2,5.8203
CA-2017-105074,2017-06-24,2017-06-29,"Standard Class",MB-17305,OFF-PA-10002666,21.744,3,0.2,6.795
CA-2014-133690,2014-08-03,2014-08-05,"First Class",BS-11755,FUR-TA-10004289,218.75,2,0.5,-161.875
CA-2014-133690,2014-08-03,2014-08-05,"First Class",BS-11755,OFF-AP-10003622,2.6,1,0.2,0.2925
US-2017-116701,2017-12-17,2017-12-21,"Second Class",LC-17140,OFF-AP-10003217,66.284,2,0.8,-178.9668
CA-2017-126382,2017-06-03,2017-06-07,"Standard Class",HK-14890,FUR-FU-10002960,35.168,7,0.2,9.6712
CA-2017-108329,2017-12-09,2017-12-14,"Standard Class",LE-16810,TEC-PH-10001918,444.768,4,0.2,44.4768
CA-2017-135860,2017-12-01,2017-12-07,"Standard Class",JH-15985,OFF-ST-10000642,83.92,4,0,5.8744
CA-2017-135860,2017-12-01,2017-12-07,"Standard Class",JH-15985,TEC-PH-10001700,131.98,2,0,35.6346
CA-2017-135860,2017-12-01,2017-12-07,"Standard Class",JH-15985,OFF-BI-10003274,15.92,4,0,7.4824
CA-2017-135860,2017-12-01,2017-12-07,"Standard Class",JH-15985,OFF-FA-10000134,52.29,9,0,16.2099
CA-2017-135860,2017-12-01,2017-12-07,"Standard Class",JH-15985,OFF-ST-10001522,91.99,1,0,3.6796
CA-2015-101007,2015-02-09,2015-02-13,"Second Class",MS-17980,TEC-AC-10001266,20.8,2,0.2,6.5
CA-2015-146262,2015-01-02,2015-01-09,"Standard Class",VW-21775,OFF-LA-10004544,23.68,2,0.2,8.88
CA-2015-146262,2015-01-02,2015-01-09,"Standard Class",VW-21775,FUR-BO-10004695,452.45,5,0.5,-244.323
CA-2015-146262,2015-01-02,2015-01-09,"Standard Class",VW-21775,TEC-PH-10002844,62.982,3,0.4,-14.6958
CA-2015-146262,2015-01-02,2015-01-09,"Standard Class",VW-21775,TEC-MA-10000864,1188,9,0.7,-950.4
CA-2015-146262,2015-01-02,2015-01-09,"Standard Class",VW-21775,TEC-AC-10000109,89.584,2,0.2,4.4792
CA-2016-130162,2016-10-28,2016-11-01,"Standard Class",JH-15910,OFF-ST-10001328,93.06,6,0,26.0568
CA-2016-130162,2016-10-28,2016-11-01,"Standard Class",JH-15910,TEC-PH-10002563,302.376,3,0.2,22.6782
CA-2015-169397,2015-12-24,2015-12-27,"First Class",JB-15925,OFF-FA-10000585,5.584,2,0.2,1.8148
CA-2015-169397,2015-12-24,2015-12-27,"First Class",JB-15925,OFF-PA-10004000,22.704,6,0.2,8.2302
CA-2015-169397,2015-12-24,2015-12-27,"First Class",JB-15925,OFF-BI-10002852,19.776,4,0.7,-13.8432
CA-2015-169397,2015-12-24,2015-12-27,"First Class",JB-15925,FUR-FU-10000087,72.704,4,0.2,19.0848
CA-2015-169397,2015-12-24,2015-12-27,"First Class",JB-15925,TEC-MA-10001148,479.988,4,0.7,-383.9904
CA-2015-169397,2015-12-24,2015-12-27,"First Class",JB-15925,OFF-AR-10001958,27.168,2,0.2,2.7168
CA-2015-163055,2015-08-09,2015-08-16,"Standard Class",DS-13180,OFF-AR-10001026,2.2,1,0,0.968
CA-2015-163055,2015-08-09,2015-08-16,"Standard Class",DS-13180,FUR-TA-10003748,622.45,5,0,136.939
CA-2015-163055,2015-08-09,2015-08-16,"Standard Class",DS-13180,OFF-ST-10002485,21.98,1,0,0.2198
US-2015-145436,2015-02-28,2015-03-04,"Standard Class",VD-21670,FUR-CH-10004860,161.568,2,0.2,-28.2744
US-2015-145436,2015-02-28,2015-03-04,"Standard Class",VD-21670,FUR-CH-10004477,389.696,8,0.2,43.8408
US-2014-156216,2014-09-13,2014-09-17,"Standard Class",EA-14035,OFF-BI-10001679,18.648,7,0.7,-12.432
US-2017-100930,2017-04-07,2017-04-12,"Standard Class",CS-12400,FUR-TA-10001705,233.86,2,0.45,-102.048
US-2017-100930,2017-04-07,2017-04-12,"Standard Class",CS-12400,FUR-TA-10003473,620.6145,3,0.45,-248.2458
US-2017-100930,2017-04-07,2017-04-12,"Standard Class",CS-12400,OFF-BI-10001679,5.328,2,0.7,-3.552
US-2017-100930,2017-04-07,2017-04-12,"Standard Class",CS-12400,FUR-FU-10004017,258.072,3,0.2,0
US-2017-100930,2017-04-07,2017-04-12,"Standard Class",CS-12400,TEC-AC-10003832,617.976,3,0.2,-7.7247
CA-2017-160514,2017-11-12,2017-11-16,"Standard Class",DB-13120,OFF-PA-10002479,10.56,2,0,4.752
CA-2016-157749,2016-06-04,2016-06-09,"Second Class",KL-16645,OFF-PA-10003349,25.92,5,0.2,9.396
CA-2016-157749,2016-06-04,2016-06-09,"Second Class",KL-16645,FUR-FU-10000576,419.68,5,0.6,-356.728
CA-2016-157749,2016-06-04,2016-06-09,"Second Class",KL-16645,FUR-FU-10004351,11.688,3,0.6,-4.6752
CA-2016-157749,2016-06-04,2016-06-09,"Second Class",KL-16645,TEC-PH-10000011,31.984,2,0.2,11.1944
CA-2016-157749,2016-06-04,2016-06-09,"Second Class",KL-16645,FUR-TA-10002607,177.225,5,0.5,-120.513
CA-2016-157749,2016-06-04,2016-06-09,"Second Class",KL-16645,FUR-FU-10002505,4.044,3,0.6,-2.8308
CA-2016-157749,2016-06-04,2016-06-09,"Second Class",KL-16645,OFF-AR-10004685,7.408,2,0.2,1.2038
CA-2014-131926,2014-06-01,2014-06-06,"Second Class",DW-13480,FUR-CH-10004063,2001.86,7,0,580.5394
CA-2014-131926,2014-06-01,2014-06-06,"Second Class",DW-13480,OFF-ST-10002276,166.72,2,0,41.68
CA-2014-131926,2014-06-01,2014-06-06,"Second Class",DW-13480,OFF-PA-10004082,47.88,6,0,23.94
CA-2014-131926,2014-06-01,2014-06-06,"Second Class",DW-13480,OFF-AP-10002945,1503.25,5,0,496.0725
CA-2014-131926,2014-06-01,2014-06-06,"Second Class",DW-13480,OFF-PA-10000061,25.92,4,0,12.4416
CA-2016-154739,2016-12-10,2016-12-15,"Second Class",LH-17155,FUR-CH-10002965,321.568,2,0.2,28.1372
CA-2016-145625,2016-09-11,2016-09-17,"Standard Class",KC-16540,OFF-PA-10004569,7.61,1,0,3.5767
CA-2016-145625,2016-09-11,2016-09-17,"Standard Class",KC-16540,TEC-AC-10003832,3347.37,13,0,636.0003
CA-2016-146941,2016-12-10,2016-12-13,"First Class",DL-13315,OFF-ST-10001228,80.58,6,0,22.5624
CA-2016-146941,2016-12-10,2016-12-13,"First Class",DL-13315,OFF-EN-10003296,361.92,4,0,162.864
US-2015-159982,2015-11-28,2015-12-04,"Standard Class",DR-12880,FUR-FU-10002505,12.132,9,0.6,-8.4924
US-2015-159982,2015-11-28,2015-12-04,"Standard Class",DR-12880,OFF-ST-10001590,53.92,5,0.2,4.044
US-2015-159982,2015-11-28,2015-12-04,"Standard Class",DR-12880,TEC-PH-10001580,647.904,6,0.2,56.6916
CA-2017-163139,2017-12-01,2017-12-03,"Second Class",CC-12670,TEC-AC-10000290,20.37,3,0,6.9258
CA-2017-163139,2017-12-01,2017-12-03,"Second Class",CC-12670,OFF-ST-10002790,221.55,3,0,6.6465
CA-2017-163139,2017-12-01,2017-12-03,"Second Class",CC-12670,OFF-BI-10003460,17.52,5,0.2,6.132
US-2017-155299,2017-06-08,2017-06-12,"Standard Class",Dl-13600,OFF-AP-10002203,1.624,2,0.8,-4.466
US-2014-106992,2014-09-19,2014-09-21,"Second Class",SB-20290,TEC-MA-10000822,3059.982,3,0.4,-509.997
US-2014-106992,2014-09-19,2014-09-21,"Second Class",SB-20290,TEC-MA-10003353,2519.958,7,0.4,-251.9958
CA-2016-125318,2016-06-06,2016-06-13,"Standard Class",RC-19825,TEC-PH-10001433,328.224,4,0.2,28.7196
CA-2015-155040,2015-11-10,2015-11-15,"Standard Class",AH-10210,TEC-AC-10004469,79.9,2,0,35.156
CA-2017-136826,2017-06-16,2017-06-20,"Standard Class",CB-12535,OFF-AR-10003602,14.016,3,0.2,4.7304
CA-2016-111010,2016-01-22,2016-01-28,"Standard Class",PG-18895,OFF-FA-10003472,7.56,6,0,0.3024
US-2017-145366,2017-12-09,2017-12-13,"Standard Class",CA-12310,OFF-ST-10004180,37.208,1,0.2,-7.4416
US-2017-145366,2017-12-09,2017-12-13,"Standard Class",CA-12310,OFF-EN-10004386,57.576,3,0.2,21.591
CA-2017-163979,2017-12-28,2018-01-02,"Second Class",KH-16690,OFF-ST-10003208,725.84,4,0,210.4936
CA-2015-155334,2015-07-30,2015-07-31,"First Class",HA-14920,TEC-AC-10003628,209.93,7,0,92.3692
CA-2015-155334,2015-07-30,2015-07-31,"First Class",HA-14920,FUR-FU-10003274,5.28,3,0,2.3232
CA-2015-155334,2015-07-30,2015-07-31,"First Class",HA-14920,OFF-BI-10002557,10.92,3,0.2,4.095
CA-2017-118136,2017-09-16,2017-09-17,"First Class",BB-10990,OFF-AR-10001427,5.98,1,0,1.5548
CA-2017-132976,2017-10-13,2017-10-17,"Standard Class",AG-10495,OFF-PA-10000673,11.648,2,0.2,4.0768
CA-2017-132976,2017-10-13,2017-10-17,"Standard Class",AG-10495,OFF-ST-10000876,59.712,6,0.2,5.9712
CA-2017-132976,2017-10-13,2017-10-17,"Standard Class",AG-10495,OFF-LA-10002043,24.84,3,0.2,8.694
US-2015-161991,2015-09-26,2015-09-28,"Second Class",SC-20725,OFF-BI-10004967,2.08,5,0.8,-3.432
US-2015-161991,2015-09-26,2015-09-28,"Second Class",SC-20725,TEC-PH-10001760,1114.4,7,0.2,376.11
CA-2015-130890,2015-11-02,2015-11-06,"Standard Class",JO-15280,FUR-TA-10002903,1038.84,5,0.2,51.942
CA-2015-130883,2015-09-26,2015-10-02,"Standard Class",TB-21520,OFF-PA-10000474,141.76,5,0.2,47.844
CA-2015-130883,2015-09-26,2015-10-02,"Standard Class",TB-21520,TEC-AC-10001956,239.8,5,0.2,47.96
CA-2015-130883,2015-09-26,2015-10-02,"Standard Class",TB-21520,OFF-PA-10004100,31.104,6,0.2,10.8864
CA-2016-112697,2016-12-18,2016-12-20,"Second Class",AH-10195,OFF-BI-10000778,254.058,7,0.7,-169.372
CA-2016-112697,2016-12-18,2016-12-20,"Second Class",AH-10195,OFF-AP-10002684,194.528,2,0.2,24.316
CA-2016-112697,2016-12-18,2016-12-20,"Second Class",AH-10195,OFF-SU-10000646,961.48,5,0.2,-204.3145
CA-2016-110772,2016-11-20,2016-11-24,"Second Class",NZ-18565,OFF-FA-10002983,19.096,7,0.2,6.6836
CA-2016-110772,2016-11-20,2016-11-24,"Second Class",NZ-18565,OFF-LA-10004689,18.496,8,0.2,6.2424
CA-2016-110772,2016-11-20,2016-11-24,"Second Class",NZ-18565,TEC-AC-10002001,255.984,2,0.2,54.3966
CA-2016-110772,2016-11-20,2016-11-24,"Second Class",NZ-18565,FUR-BO-10004709,86.97,3,0.5,-48.7032
CA-2014-111451,2014-12-26,2014-12-28,"First Class",KL-16555,FUR-FU-10004091,300.416,8,0.2,78.8592
CA-2014-111451,2014-12-26,2014-12-28,"First Class",KL-16555,FUR-CH-10001891,230.352,3,0.2,20.1558
CA-2014-111451,2014-12-26,2014-12-28,"First Class",KL-16555,FUR-FU-10002918,218.352,3,0.2,-24.5646
CA-2014-111451,2014-12-26,2014-12-28,"First Class",KL-16555,OFF-BI-10004593,78.6,5,0.7,-62.88
CA-2014-111451,2014-12-26,2014-12-28,"First Class",KL-16555,OFF-FA-10004854,27.552,3,0.2,9.2988
CA-2016-142545,2016-10-28,2016-11-03,"Standard Class",JD-15895,OFF-PA-10002105,32.4,5,0,15.552
CA-2016-142545,2016-10-28,2016-11-03,"Standard Class",JD-15895,OFF-PA-10004243,56.91,3,0,27.3168
CA-2016-142545,2016-10-28,2016-11-03,"Standard Class",JD-15895,FUR-FU-10001861,77.6,4,0,38.024
CA-2016-142545,2016-10-28,2016-11-03,"Standard Class",JD-15895,OFF-BI-10002706,14.28,1,0,6.5688
US-2017-152380,2017-11-19,2017-11-23,"Standard Class",JH-15910,FUR-TA-10002533,219.075,3,0.5,-131.445
CA-2015-144253,2015-05-04,2015-05-09,"Second Class",AS-10225,FUR-FU-10002671,26.8,2,0,12.864
CA-2014-130960,2014-12-30,2015-01-04,"Standard Class",KB-16600,OFF-AR-10003651,9.84,3,0,2.8536
CA-2014-111003,2014-06-01,2014-06-06,"Standard Class",CR-12625,OFF-BI-10001072,45.48,3,0,20.9208
CA-2014-111003,2014-06-01,2014-06-06,"Standard Class",CR-12625,OFF-AR-10002135,289.2,6,0,83.868
CA-2017-126774,2017-04-15,2017-04-17,"First Class",SH-20395,OFF-AR-10002804,4.89,1,0,2.0049
CA-2016-142902,2016-09-12,2016-09-14,"Second Class",BP-11185,FUR-FU-10001918,15.136,4,0.2,3.5948
CA-2016-142902,2016-09-12,2016-09-14,"Second Class",BP-11185,FUR-CH-10004086,466.768,2,0.2,52.5114
CA-2016-142902,2016-09-12,2016-09-14,"Second Class",BP-11185,FUR-FU-10001756,15.232,1,0.2,1.7136
CA-2016-142902,2016-09-12,2016-09-14,"Second Class",BP-11185,OFF-LA-10000634,6.264,3,0.2,2.0358
CA-2014-120887,2014-09-27,2014-10-03,"Standard Class",TS-21205,FUR-FU-10001588,87.54,3,0,37.6422
CA-2014-167850,2014-08-09,2014-08-16,"Standard Class",AG-10525,TEC-PH-10002398,178.384,2,0.2,22.298
CA-2014-167850,2014-08-09,2014-08-16,"Standard Class",AG-10525,OFF-PA-10001937,15.552,3,0.2,5.4432
CA-2014-164259,2014-12-28,2014-12-30,"First Class",SP-20860,OFF-AR-10003373,99.136,4,0.2,8.6744
CA-2014-164973,2014-11-04,2014-11-09,"Standard Class",NM-18445,FUR-CH-10002602,135.882,1,0.1,24.1568
CA-2014-164973,2014-11-04,2014-11-09,"Standard Class",NM-18445,TEC-MA-10002927,3991.98,2,0,1995.99
CA-2014-164973,2014-11-04,2014-11-09,"Standard Class",NM-18445,TEC-PH-10004093,275.94,6,0,80.0226
CA-2014-164973,2014-11-04,2014-11-09,"Standard Class",NM-18445,TEC-AC-10000892,360,4,0,129.6
CA-2014-164973,2014-11-04,2014-11-09,"Standard Class",NM-18445,OFF-ST-10002974,43.57,1,0,13.071
CA-2014-156601,2014-09-19,2014-09-24,"Standard Class",FA-14230,OFF-FA-10000624,7.16,2,0,3.58
CA-2016-162138,2016-04-23,2016-04-27,"Standard Class",GK-14620,OFF-BI-10004593,251.52,6,0.2,81.744
CA-2016-162138,2016-04-23,2016-04-27,"Standard Class",GK-14620,TEC-AC-10001908,99.99,1,0,34.9965
CA-2017-153339,2017-11-03,2017-11-05,"Second Class",DJ-13510,FUR-FU-10001967,15.992,1,0.2,0.9995
US-2016-141544,2016-08-30,2016-09-01,"First Class",PO-18850,TEC-PH-10003645,290.898,3,0.4,-67.8762
US-2016-141544,2016-08-30,2016-09-01,"First Class",PO-18850,OFF-ST-10000675,54.224,2,0.2,3.389
US-2016-141544,2016-08-30,2016-09-01,"First Class",PO-18850,FUR-CH-10003312,786.744,4,0.3,-258.5016
US-2016-141544,2016-08-30,2016-09-01,"First Class",PO-18850,OFF-LA-10001074,100.24,10,0.2,33.831
US-2016-141544,2016-08-30,2016-09-01,"First Class",PO-18850,OFF-BI-10001524,37.764,6,0.7,-27.6936
US-2016-150147,2016-04-25,2016-04-29,"Second Class",JL-15850,TEC-PH-10004614,82.8,2,0.4,-20.7
US-2016-150147,2016-04-25,2016-04-29,"Second Class",JL-15850,OFF-BI-10001153,20.724,2,0.7,-13.816
US-2016-150147,2016-04-25,2016-04-29,"Second Class",JL-15850,OFF-BI-10001982,4.896,3,0.7,-3.4272
CA-2015-137946,2015-09-01,2015-09-04,"Second Class",DB-13615,OFF-BI-10001922,4.752,1,0.2,1.6038
CA-2015-137946,2015-09-01,2015-09-04,"Second Class",DB-13615,TEC-CO-10001449,959.984,2,0.2,335.9944
CA-2015-137946,2015-09-01,2015-09-04,"Second Class",DB-13615,OFF-BI-10004140,14.368,4,0.2,4.49
CA-2014-129924,2014-07-12,2014-07-17,"Standard Class",AC-10420,OFF-BI-10003314,7.712,2,0.2,2.7956
CA-2014-129924,2014-07-12,2014-07-17,"Standard Class",AC-10420,FUR-TA-10004575,698.352,3,0.2,-17.4588
CA-2014-122336,2014-04-13,2014-04-17,"Second Class",JD-15895,OFF-AR-10000122,17.856,4,0.2,1.116
CA-2014-122336,2014-04-13,2014-04-17,"Second Class",JD-15895,OFF-BI-10003656,509.97,10,0.7,-407.976
CA-2014-122336,2014-04-13,2014-04-17,"Second Class",JD-15895,OFF-FA-10002780,30.992,13,0.2,10.0724
US-2015-120712,2015-12-20,2015-12-24,"Standard Class",CS-12130,OFF-ST-10000107,88.8,4,0.2,-2.22
CA-2017-169901,2017-06-15,2017-06-19,"Standard Class",CC-12550,TEC-PH-10002293,47.976,3,0.2,4.7976
CA-2017-134306,2017-07-08,2017-07-12,"Standard Class",TD-20995,OFF-AR-10004027,7.56,3,0,3.0996
CA-2017-134306,2017-07-08,2017-07-12,"Standard Class",TD-20995,OFF-PA-10000249,24.56,2,0,11.5432
CA-2017-134306,2017-07-08,2017-07-12,"Standard Class",TD-20995,OFF-AR-10001374,12.96,2,0,4.1472
CA-2016-129714,2016-09-01,2016-09-03,"First Class",AB-10060,TEC-AC-10000290,6.79,1,0,2.3086
CA-2016-129714,2016-09-01,2016-09-03,"First Class",AB-10060,OFF-PA-10001970,24.56,2,0,11.5432
CA-2016-129714,2016-09-01,2016-09-03,"First Class",AB-10060,OFF-BI-10002160,3.048,1,0.2,1.0668
CA-2016-129714,2016-09-01,2016-09-03,"First Class",AB-10060,OFF-PA-10001970,49.12,4,0,23.0864
CA-2016-129714,2016-09-01,2016-09-03,"First Class",AB-10060,OFF-BI-10004995,4355.168,4,0.2,1415.4296
CA-2016-138520,2016-04-08,2016-04-13,"Standard Class",JL-15505,FUR-BO-10002268,388.704,6,0.2,-4.8588
CA-2016-138520,2016-04-08,2016-04-13,"Standard Class",JL-15505,OFF-EN-10001137,8.26,2,0,3.7996
CA-2016-138520,2016-04-08,2016-04-13,"Standard Class",JL-15505,OFF-AR-10002399,17.04,4,0,6.9864
CA-2016-138520,2016-04-08,2016-04-13,"Standard Class",JL-15505,OFF-PA-10002713,34.4,5,0,15.824
CA-2016-130001,2016-04-23,2016-04-28,"Standard Class",HK-14890,OFF-PA-10002666,36.24,5,0.2,11.325
CA-2017-155698,2017-03-08,2017-03-11,"First Class",VB-21745,OFF-AP-10001124,647.84,8,0,168.4384
CA-2017-155698,2017-03-08,2017-03-11,"First Class",VB-21745,OFF-LA-10001158,20.7,2,0,9.936
CA-2017-144904,2017-09-25,2017-10-01,"Standard Class",KW-16435,OFF-LA-10001158,20.7,2,0,9.936
CA-2017-144904,2017-09-25,2017-10-01,"Standard Class",KW-16435,FUR-CH-10000785,488.646,3,0.1,86.8704
CA-2017-144904,2017-09-25,2017-10-01,"Standard Class",KW-16435,OFF-AR-10003732,5.56,2,0,1.4456
CA-2017-144904,2017-09-25,2017-10-01,"Standard Class",KW-16435,FUR-FU-10000023,47.12,8,0,20.7328
CA-2014-123344,2014-09-24,2014-09-29,"Standard Class",JD-16060,OFF-ST-10001713,211.96,4,0,8.4784
CA-2016-155516,2016-10-21,2016-10-21,"Same Day",MK-17905,OFF-BI-10002412,23.2,4,0,10.44
CA-2016-155516,2016-10-21,2016-10-21,"Same Day",MK-17905,OFF-SU-10001225,7.36,2,0,0.1472
CA-2016-155516,2016-10-21,2016-10-21,"Same Day",MK-17905,OFF-ST-10002406,104.79,7,0,29.3412
CA-2016-155516,2016-10-21,2016-10-21,"Same Day",MK-17905,FUR-BO-10002545,1043.92,4,0,271.4192
CA-2017-104745,2017-05-29,2017-06-04,"Standard Class",GT-14755,OFF-PA-10002036,25.92,5,0.2,9.396
CA-2017-104745,2017-05-29,2017-06-04,"Standard Class",GT-14755,OFF-ST-10002205,53.424,3,0.2,4.6746
US-2014-119137,2014-07-23,2014-07-27,"Standard Class",AG-10900,OFF-BI-10001982,8.16,5,0.7,-5.712
US-2014-119137,2014-07-23,2014-07-27,"Standard Class",AG-10900,TEC-AC-10003911,1023.936,8,0.2,179.1888
US-2014-119137,2014-07-23,2014-07-27,"Standard Class",AG-10900,OFF-AR-10000658,9.24,1,0.2,0.924
US-2014-119137,2014-07-23,2014-07-27,"Standard Class",AG-10900,TEC-AC-10002076,479.04,10,0.2,-29.94
US-2016-134656,2016-09-28,2016-10-01,"First Class",MM-18280,OFF-PA-10003039,99.136,4,0.2,30.98
US-2017-134481,2017-08-27,2017-09-01,"Standard Class",AR-10405,FUR-TA-10004915,1488.424,7,0.3,-297.6848
CA-2015-130792,2015-04-28,2015-05-05,"Standard Class",RA-19915,OFF-AP-10000696,8.652,3,0.8,-20.3322
CA-2015-130792,2015-04-28,2015-05-05,"Standard Class",RA-19915,OFF-ST-10003327,23.832,3,0.2,2.6811
CA-2016-134775,2016-10-28,2016-10-29,"First Class",AS-10285,OFF-PA-10004734,50.96,7,0,25.48
CA-2016-134775,2016-10-28,2016-10-29,"First Class",AS-10285,OFF-BI-10002225,49.536,3,0.2,17.3376
CA-2015-125395,2015-06-26,2015-06-29,"Second Class",LA-16780,TEC-AC-10004708,41.9,2,0,8.799
US-2015-168935,2015-11-27,2015-12-02,"Standard Class",DO-13435,FUR-TA-10000617,375.4575,3,0.45,-157.0095
US-2015-168935,2015-11-27,2015-12-02,"Standard Class",DO-13435,TEC-AC-10002335,83.976,3,0.2,-1.0497
CA-2015-122756,2015-12-03,2015-12-07,"Standard Class",DK-13225,TEC-MA-10001681,482.34,4,0.7,-337.638
CA-2015-122756,2015-12-03,2015-12-07,"Standard Class",DK-13225,FUR-FU-10001935,2.96,1,0.2,0.777
CA-2014-115973,2014-11-24,2014-11-26,"First Class",NG-18430,OFF-AR-10004757,2.624,1,0.2,0.4264
CA-2017-101798,2017-12-11,2017-12-15,"Standard Class",MV-18190,OFF-BI-10000050,23.36,4,0.2,7.884
CA-2017-101798,2017-12-11,2017-12-15,"Standard Class",MV-18190,TEC-AC-10001998,39.98,2,0,13.5932
US-2014-135972,2014-09-21,2014-09-23,"Second Class",JG-15115,TEC-PH-10003012,246.384,2,0.2,27.7182
US-2014-135972,2014-09-21,2014-09-23,"Second Class",JG-15115,TEC-CO-10002313,1799.97,3,0,701.9883
US-2014-134971,2014-06-07,2014-06-10,"Second Class",BP-11095,OFF-BI-10003982,12.462,3,0.8,-20.5623
CA-2017-102946,2017-06-30,2017-07-05,"Standard Class",VP-21730,OFF-BI-10004492,75.792,3,0.2,25.5798
CA-2017-165603,2017-10-17,2017-10-19,"Second Class",SS-20140,OFF-ST-10000798,49.96,2,0,9.4924
CA-2017-165603,2017-10-17,2017-10-19,"Second Class",SS-20140,OFF-PA-10002552,12.96,2,0,6.2208
CA-2015-122259,2015-10-31,2015-11-04,"Standard Class",HP-14815,OFF-SU-10002573,70.12,4,0,21.036
CA-2016-108987,2016-09-08,2016-09-10,"Second Class",AG-10675,OFF-ST-10001580,35.952,3,0.2,3.5952
CA-2016-108987,2016-09-08,2016-09-10,"Second Class",AG-10675,FUR-BO-10004834,2396.2656,4,0.32,-317.1528
CA-2016-108987,2016-09-08,2016-09-10,"Second Class",AG-10675,OFF-ST-10000934,131.136,4,0.2,-32.784
CA-2016-108987,2016-09-08,2016-09-10,"Second Class",AG-10675,TEC-AC-10000158,57.584,2,0.2,0.7198
CA-2014-113166,2014-12-24,2014-12-26,"First Class",LF-17185,OFF-PA-10001947,9.568,2,0.2,3.4684
CA-2014-155208,2014-04-16,2014-04-20,"Standard Class",SP-20650,OFF-AR-10003478,39.072,6,0.2,9.768
CA-2017-117933,2017-12-24,2017-12-29,"Standard Class",RF-19840,OFF-AP-10004249,35.91,3,0,9.6957
CA-2017-117457,2017-12-08,2017-12-12,"Standard Class",KH-16510,TEC-AC-10000158,179.95,5,0,37.7895
CA-2017-117457,2017-12-08,2017-12-12,"Standard Class",KH-16510,TEC-CO-10004115,1199.976,3,0.2,434.9913
CA-2017-117457,2017-12-08,2017-12-12,"Standard Class",KH-16510,OFF-PA-10003724,27.15,5,0,13.3035
CA-2017-117457,2017-12-08,2017-12-12,"Standard Class",KH-16510,FUR-TA-10002041,1004.024,7,0.2,-112.9527
CA-2017-117457,2017-12-08,2017-12-12,"Standard Class",KH-16510,OFF-PA-10002893,9.68,1,0,4.6464
CA-2017-117457,2017-12-08,2017-12-12,"Standard Class",KH-16510,OFF-LA-10003766,28.35,9,0,13.608
CA-2017-117457,2017-12-08,2017-12-12,"Standard Class",KH-16510,OFF-PA-10001970,55.98,1,0,27.4302
CA-2017-117457,2017-12-08,2017-12-12,"Standard Class",KH-16510,FUR-BO-10001972,1336.829,13,0.15,31.4548
CA-2017-117457,2017-12-08,2017-12-12,"Standard Class",KH-16510,FUR-CH-10003956,113.568,2,0.2,-18.4548
CA-2017-142636,2017-11-03,2017-11-07,"Standard Class",KC-16675,OFF-PA-10000157,139.86,7,0,65.7342
CA-2017-142636,2017-11-03,2017-11-07,"Standard Class",KC-16675,FUR-CH-10001891,307.136,4,0.2,26.8744
CA-2017-122105,2017-06-24,2017-06-28,"Standard Class",CJ-12010,OFF-AR-10004344,95.92,8,0,25.8984
CA-2016-148796,2016-04-14,2016-04-18,"Standard Class",PB-19150,FUR-CH-10004886,383.8,5,0.2,38.38
CA-2017-154816,2017-11-06,2017-11-10,"Standard Class",VB-21745,OFF-PA-10003845,5.78,1,0,2.8322
CA-2017-110478,2017-03-04,2017-03-09,"Standard Class",SP-20860,OFF-AR-10001573,9.32,4,0,2.7028
CA-2017-110478,2017-03-04,2017-03-09,"Standard Class",SP-20860,OFF-EN-10000483,15.25,1,0,7.015
CA-2014-142048,2014-06-22,2014-06-25,"First Class",JE-15745,TEC-AC-10004114,196.752,6,0.2,56.5662
CA-2017-125388,2017-10-19,2017-10-23,"Standard Class",MP-17965,FUR-FU-10004712,56.56,4,0,14.7056
CA-2017-125388,2017-10-19,2017-10-23,"Standard Class",MP-17965,OFF-ST-10000918,32.7,3,0,8.502
CA-2017-155705,2017-08-21,2017-08-23,"Second Class",NF-18385,FUR-CH-10000015,866.4,4,0,225.264
CA-2017-149160,2017-11-23,2017-11-26,"Second Class",JM-15265,FUR-FU-10003347,28.4,2,0,11.076
CA-2017-149160,2017-11-23,2017-11-26,"Second Class",JM-15265,OFF-BI-10001543,287.92,8,0,138.2016
CA-2014-101476,2014-09-12,2014-09-13,"First Class",SD-20485,TEC-MA-10000029,69.99,1,0,30.0957
CA-2017-152275,2017-10-01,2017-10-08,"Standard Class",KH-16630,OFF-AR-10000369,6.672,6,0.2,0.5004
US-2016-123750,2016-04-15,2016-04-21,"Standard Class",RB-19795,OFF-BI-10004584,189.588,2,0.7,-145.3508
US-2016-123750,2016-04-15,2016-04-21,"Standard Class",RB-19795,TEC-AC-10004659,408.744,7,0.2,76.6395
US-2016-123750,2016-04-15,2016-04-21,"Standard Class",RB-19795,TEC-AC-10004659,291.96,5,0.2,54.7425
US-2016-123750,2016-04-15,2016-04-21,"Standard Class",RB-19795,OFF-ST-10000617,4.768,2,0.2,-0.7748
CA-2016-127369,2016-06-06,2016-06-07,"First Class",DB-13060,OFF-ST-10003306,714.3,5,0,207.147
US-2014-150574,2014-12-19,2014-12-25,"Standard Class",MK-18160,OFF-BI-10000773,4.812,2,0.7,-3.6892
US-2014-150574,2014-12-19,2014-12-25,"Standard Class",MK-18160,TEC-AC-10002600,247.8,5,0.2,-18.585
CA-2016-147375,2016-06-12,2016-06-14,"Second Class",PO-19180,TEC-MA-10002937,1007.979,3,0.3,43.1991
CA-2016-147375,2016-06-12,2016-06-14,"Second Class",PO-19180,OFF-PA-10001970,313.488,7,0.2,113.6394
CA-2017-130043,2017-09-15,2017-09-19,"Standard Class",BB-11545,OFF-PA-10002230,31.872,8,0.2,11.5536
CA-2017-157252,2017-01-20,2017-01-23,"Second Class",CV-12805,FUR-CH-10003396,207.846,3,0.1,2.3094
CA-2016-115756,2016-09-05,2016-09-07,"Second Class",PK-19075,FUR-FU-10000246,12.22,1,0,3.666
CA-2016-115756,2016-09-05,2016-09-07,"Second Class",PK-19075,OFF-ST-10000060,194.94,3,0,23.3928
CA-2016-115756,2016-09-05,2016-09-07,"Second Class",PK-19075,OFF-ST-10003058,70.95,3,0,20.5755
CA-2016-115756,2016-09-05,2016-09-07,"Second Class",PK-19075,FUR-CH-10002372,242.94,3,0,29.1528
CA-2016-115756,2016-09-05,2016-09-07,"Second Class",PK-19075,OFF-LA-10001317,22.05,7,0,10.584
CA-2017-154214,2017-03-20,2017-03-25,"Second Class",TB-21595,FUR-FU-10000206,2.91,1,0,1.3677
CA-2016-166674,2016-04-01,2016-04-03,"Second Class",RB-19360,OFF-AR-10000588,59.52,3,0,15.4752
CA-2016-166674,2016-04-01,2016-04-03,"Second Class",RB-19360,OFF-ST-10001469,161.94,3,0,9.7164
CA-2016-166674,2016-04-01,2016-04-03,"Second Class",RB-19360,OFF-AR-10001953,263.88,6,0,71.2476
CA-2016-166674,2016-04-01,2016-04-03,"Second Class",RB-19360,OFF-AR-10003156,30.48,3,0,7.9248
CA-2016-166674,2016-04-01,2016-04-03,"Second Class",RB-19360,OFF-AR-10004974,9.84,3,0,2.8536
CA-2016-166674,2016-04-01,2016-04-03,"Second Class",RB-19360,TEC-PH-10002365,35.12,4,0,9.1312
CA-2017-147277,2017-10-20,2017-10-24,"Standard Class",EB-13705,FUR-TA-10001539,284.364,2,0.4,-75.8304
CA-2017-147277,2017-10-20,2017-10-24,"Standard Class",EB-13705,OFF-ST-10000142,665.408,2,0.2,66.5408
CA-2016-100153,2016-12-13,2016-12-17,"Standard Class",KH-16630,TEC-AC-10001772,63.88,4,0,24.9132
US-2014-110674,2014-02-12,2014-02-18,"Standard Class",SC-20095,FUR-CH-10000225,129.568,2,0.2,-24.294
US-2016-157945,2016-09-26,2016-10-01,"Standard Class",NF-18385,FUR-CH-10002331,747.558,3,0.3,-96.1146
US-2016-157945,2016-09-26,2016-10-01,"Standard Class",NF-18385,OFF-EN-10001415,8.928,2,0.2,3.348
CA-2015-109638,2015-12-15,2015-12-22,"Standard Class",JH-15985,OFF-AP-10002472,103.92,4,0,36.372
CA-2015-109638,2015-12-15,2015-12-22,"Standard Class",JH-15985,TEC-AC-10004571,899.91,9,0,377.9622
CA-2015-109638,2015-12-15,2015-12-22,"Standard Class",JH-15985,OFF-BI-10001098,51.312,3,0.2,18.6006
CA-2016-109869,2016-04-22,2016-04-29,"Standard Class",TN-21040,FUR-FU-10000023,23.56,5,0.2,7.068
CA-2016-109869,2016-04-22,2016-04-29,"Standard Class",TN-21040,FUR-TA-10001889,1272.63,6,0.5,-814.4832
CA-2016-109869,2016-04-22,2016-04-29,"Standard Class",TN-21040,OFF-BI-10000315,28.485,5,0.7,-20.889
CA-2016-109869,2016-04-22,2016-04-29,"Standard Class",TN-21040,OFF-SU-10003505,185.376,2,0.2,-34.758
CA-2016-109869,2016-04-22,2016-04-29,"Standard Class",TN-21040,OFF-AP-10002578,78.272,2,0.2,5.8704
US-2015-101399,2015-01-17,2015-01-24,"Standard Class",JS-15940,FUR-FU-10002918,254.744,7,0.6,-312.0614
CA-2017-154907,2017-03-31,2017-04-04,"Standard Class",DS-13180,FUR-BO-10002824,205.3328,2,0.32,-36.2352
US-2016-100419,2016-12-16,2016-12-20,"Second Class",CC-12670,OFF-BI-10002194,4.788,3,0.8,-7.9002
CA-2015-154144,2015-12-20,2015-12-24,"Standard Class",MH-17785,OFF-PA-10004071,55.48,1,0,26.6304
CA-2014-144666,2014-11-09,2014-11-11,"Second Class",JP-15520,OFF-ST-10002743,340.92,3,0,3.4092
CA-2014-144666,2014-11-09,2014-11-11,"Second Class",JP-15520,FUR-BO-10001601,222.666,2,0.15,10.4784
CA-2014-144666,2014-11-09,2014-11-11,"Second Class",JP-15520,TEC-PH-10002680,703.968,4,0.2,87.996
CA-2014-144666,2014-11-09,2014-11-11,"Second Class",JP-15520,OFF-ST-10001321,92.52,6,0,24.9804
CA-2014-144666,2014-11-09,2014-11-11,"Second Class",JP-15520,OFF-PA-10003465,94.85,5,0,45.528
CA-2016-103891,2016-07-12,2016-07-19,"Standard Class",KH-16690,TEC-PH-10000149,95.76,6,0.2,7.182
CA-2016-152632,2016-10-27,2016-11-02,"Standard Class",JE-15475,FUR-FU-10002671,40.2,3,0,19.296
CA-2016-100790,2016-06-26,2016-07-02,"Standard Class",JG-15805,OFF-AR-10003045,14.7,5,0,6.615
CA-2016-100790,2016-06-26,2016-07-02,"Standard Class",JG-15805,OFF-ST-10000689,704.25,5,0,84.51
CA-2014-134677,2014-10-06,2014-10-10,"Standard Class",XP-21865,TEC-AC-10001445,9.09,3,0,1.9089
CA-2014-127691,2014-07-22,2014-07-27,"Standard Class",EM-14065,OFF-AR-10002053,5.96,2,0,1.6688
CA-2014-127691,2014-07-22,2014-07-27,"Standard Class",EM-14065,TEC-AC-10002567,159.98,2,0,57.5928
CA-2017-140963,2017-06-10,2017-06-13,"First Class",MT-18070,OFF-LA-10003923,29.6,2,0,14.8
CA-2017-140963,2017-06-10,2017-06-13,"First Class",MT-18070,FUR-BO-10001337,514.165,5,0.15,-30.245
CA-2017-140963,2017-06-10,2017-06-13,"First Class",MT-18070,TEC-PH-10001924,279.96,5,0.2,17.4975
CA-2014-154627,2014-10-29,2014-10-31,"First Class",SA-20830,TEC-PH-10001363,2735.952,6,0.2,341.994
CA-2014-133753,2014-06-09,2014-06-13,"Second Class",CW-11905,TEC-PH-10000376,7.992,1,0.2,0.5994
CA-2014-133753,2014-06-09,2014-06-13,"Second Class",CW-11905,TEC-AC-10000303,63.984,2,0.2,10.3974
CA-2014-133753,2014-06-09,2014-06-13,"Second Class",CW-11905,OFF-AR-10001953,70.368,2,0.2,6.1572
CA-2014-113362,2014-09-14,2014-09-19,"Standard Class",AJ-10960,OFF-ST-10001809,449.15,5,0,8.983
CA-2014-113362,2014-09-14,2014-09-19,"Standard Class",AJ-10960,OFF-EN-10003845,11.07,3,0,5.0922
CA-2016-169166,2016-05-09,2016-05-14,"Standard Class",SS-20590,TEC-AC-10000991,93.98,2,0,13.1572
US-2016-120929,2016-03-18,2016-03-21,"Second Class",RO-19780,FUR-TA-10001857,189.882,3,0.4,-94.941
CA-2015-134782,2015-12-27,2015-12-31,"Standard Class",MD-17350,OFF-EN-10001434,105.42,2,0,51.6558
CA-2016-126158,2016-07-25,2016-07-31,"Standard Class",SC-20095,OFF-BI-10002498,119.616,8,0.2,40.3704
CA-2016-126158,2016-07-25,2016-07-31,"Standard Class",SC-20095,FUR-FU-10004864,255.76,4,0,81.8432
CA-2016-126158,2016-07-25,2016-07-31,"Standard Class",SC-20095,FUR-CH-10002602,241.568,2,0.2,18.1176
CA-2016-126158,2016-07-25,2016-07-31,"Standard Class",SC-20095,FUR-FU-10000073,69.3,9,0,22.869
US-2016-105578,2016-05-30,2016-06-04,"Standard Class",MY-17380,OFF-BI-10001670,22.62,2,0.7,-15.08
US-2016-105578,2016-05-30,2016-06-04,"Standard Class",MY-17380,OFF-BI-10001658,14.952,2,0.7,-11.9616
US-2016-105578,2016-05-30,2016-06-04,"Standard Class",MY-17380,FUR-CH-10001215,801.568,2,0.2,50.098
US-2016-105578,2016-05-30,2016-06-04,"Standard Class",MY-17380,OFF-BI-10000831,2.376,3,0.7,-1.9008
US-2016-105578,2016-05-30,2016-06-04,"Standard Class",MY-17380,OFF-PA-10000357,32.792,1,0.2,11.8871
CA-2017-134978,2017-11-12,2017-11-15,"Second Class",EB-13705,OFF-BI-10003274,15.92,5,0.2,5.373
CA-2015-145352,2015-03-16,2015-03-22,"Standard Class",CM-12385,OFF-AR-10001662,2.74,1,0,0.7398
CA-2015-145352,2015-03-16,2015-03-22,"Standard Class",CM-12385,OFF-AR-10003856,8.34,3,0,2.1684
CA-2015-145352,2015-03-16,2015-03-22,"Standard Class",CM-12385,OFF-ST-10001228,46.74,3,0,11.685
CA-2015-145352,2015-03-16,2015-03-22,"Standard Class",CM-12385,OFF-BI-10003527,6354.95,5,0,3177.475
CA-2017-135307,2017-11-26,2017-11-27,"First Class",LS-17245,FUR-FU-10001290,126.3,3,0,40.416
CA-2017-135307,2017-11-26,2017-11-27,"First Class",LS-17245,TEC-AC-10002399,38.04,2,0,12.1728
CA-2016-106341,2016-10-20,2016-10-23,"First Class",LF-17185,OFF-AR-10002053,7.152,3,0.2,0.7152
CA-2017-163405,2017-12-21,2017-12-25,"Standard Class",BN-11515,OFF-AR-10003811,6.63,3,0,1.7901
CA-2017-163405,2017-12-21,2017-12-25,"Standard Class",BN-11515,OFF-AR-10001246,5.88,2,0,1.7052
CA-2017-127432,2017-01-22,2017-01-27,"Standard Class",AD-10180,TEC-CO-10003236,2999.95,5,0,1379.977
CA-2017-127432,2017-01-22,2017-01-27,"Standard Class",AD-10180,OFF-ST-10004507,51.45,3,0,13.8915
CA-2017-127432,2017-01-22,2017-01-27,"Standard Class",AD-10180,OFF-PA-10001667,11.96,2,0,5.382
CA-2017-127432,2017-01-22,2017-01-27,"Standard Class",AD-10180,OFF-ST-10004459,1126.02,3,0,56.301
CA-2015-157812,2015-03-22,2015-03-26,"Standard Class",DB-13210,TEC-AC-10000171,18.392,1,0.2,5.2877
CA-2015-157812,2015-03-22,2015-03-26,"Standard Class",DB-13210,OFF-ST-10000736,129.568,2,0.2,-25.9136
CA-2015-157812,2015-03-22,2015-03-26,"Standard Class",DB-13210,OFF-BI-10000285,14.112,9,0.8,-21.168
CA-2017-145142,2017-01-23,2017-01-25,"First Class",MC-17605,FUR-TA-10001857,210.98,2,0,21.098
US-2016-139486,2016-05-21,2016-05-23,"First Class",LH-17155,TEC-PH-10003555,55.176,3,0.2,-12.4146
US-2016-139486,2016-05-21,2016-05-23,"First Class",LH-17155,TEC-AC-10003832,66.26,2,0,27.1666
CA-2015-158792,2015-12-26,2016-01-02,"Standard Class",BD-11605,OFF-FA-10002815,22.2,5,0,10.434
CA-2017-113558,2017-10-21,2017-10-26,"Standard Class",PH-18790,FUR-CH-10003379,683.952,3,0.2,42.747
CA-2017-113558,2017-10-21,2017-10-26,"Standard Class",PH-18790,FUR-FU-10001756,45.696,3,0.2,5.1408
US-2015-138303,2015-09-03,2015-09-07,"Standard Class",MG-18145,OFF-ST-10004963,36.336,3,0.2,-7.2672
US-2015-138303,2015-09-03,2015-09-07,"Standard Class",MG-18145,OFF-SU-10002881,666.248,1,0.2,-149.9058
US-2015-138303,2015-09-03,2015-09-07,"Standard Class",MG-18145,OFF-EN-10001335,52.512,6,0.2,19.692
CA-2015-102848,2015-11-07,2015-11-09,"Second Class",KB-16240,FUR-CH-10000595,190.72,1,0.2,11.92
US-2017-129441,2017-09-07,2017-09-11,"Standard Class",JC-15340,FUR-FU-10000448,47.94,3,0,2.397
CA-2016-168753,2016-05-29,2016-06-01,"Second Class",RL-19615,TEC-PH-10000984,979.95,5,0,274.386
CA-2016-168753,2016-05-29,2016-06-01,"Second Class",RL-19615,OFF-BI-10002557,22.75,5,0,11.375
CA-2016-126613,2016-07-10,2016-07-16,"Standard Class",AA-10375,OFF-ST-10001325,16.768,2,0.2,1.4672
US-2017-122637,2017-09-03,2017-09-08,"Second Class",EP-13915,OFF-BI-10002429,42.616,7,0.8,-68.1856
CA-2015-147851,2015-12-03,2015-12-08,"Standard Class",MP-17470,OFF-BI-10004528,10.752,4,0.2,3.36
CA-2015-134894,2015-12-07,2015-12-11,"Standard Class",DK-12985,OFF-AP-10001271,152.94,3,0,41.2938
CA-2015-134894,2015-12-07,2015-12-11,"Standard Class",DK-12985,FUR-CH-10002647,283.92,4,0,70.98
CA-2014-140795,2014-02-01,2014-02-03,"First Class",BD-11500,TEC-AC-10001432,468.9,6,0,206.316
CA-2016-136924,2016-07-14,2016-07-17,"First Class",ES-14080,TEC-PH-10002262,380.864,8,0.2,38.0864
US-2015-120161,2015-12-18,2015-12-23,"Standard Class",LM-17065,OFF-ST-10001809,646.776,9,0.2,-145.5246
CA-2014-103849,2014-05-11,2014-05-16,"Standard Class",PG-18895,TEC-AC-10001465,58.112,2,0.2,7.264
CA-2014-103849,2014-05-11,2014-05-16,"Standard Class",PG-18895,TEC-PH-10002597,100.792,1,0.2,6.2995
CA-2014-103849,2014-05-11,2014-05-16,"Standard Class",PG-18895,FUR-FU-10000723,66.112,4,0.6,-84.2928
CA-2017-162929,2017-11-19,2017-11-22,"First Class",AS-10135,OFF-BI-10000404,41.28,6,0.2,13.932
CA-2017-162929,2017-11-19,2017-11-22,"First Class",AS-10135,OFF-PA-10002986,13.36,2,0,6.4128
CA-2015-113173,2015-11-15,2015-11-17,"Second Class",DK-13225,OFF-ST-10000604,250.272,9,0.2,15.642
CA-2015-113173,2015-11-15,2015-11-17,"Second Class",DK-13225,OFF-BI-10004738,11.364,3,0.8,-17.046
CA-2015-113173,2015-11-15,2015-11-17,"Second Class",DK-13225,OFF-SU-10001935,8.72,5,0.2,-1.744
CA-2016-136406,2016-04-15,2016-04-17,"Second Class",BD-11320,FUR-CH-10002024,1121.568,2,0.2,0
CA-2017-112774,2017-09-11,2017-09-12,"First Class",RC-19960,FUR-FU-10003039,34.504,1,0.2,6.0382
CA-2017-101945,2017-11-24,2017-11-28,"Standard Class",GT-14710,OFF-FA-10004248,10.824,3,0.2,2.5707
CA-2017-100650,2017-06-29,2017-07-03,"Second Class",DK-13225,OFF-ST-10001780,1295.78,2,0,310.9872
CA-2014-155852,2014-03-03,2014-03-07,"Second Class",AJ-10945,OFF-AR-10003560,19.456,4,0.2,3.4048
CA-2016-113243,2016-06-10,2016-06-15,"Standard Class",OT-18730,OFF-LA-10001297,20.7,2,0,9.936
CA-2016-113243,2016-06-10,2016-06-15,"Standard Class",OT-18730,FUR-TA-10004256,1335.68,4,0.2,-217.048
CA-2016-113243,2016-06-10,2016-06-15,"Standard Class",OT-18730,OFF-PA-10003441,32.4,5,0,15.552
CA-2017-118731,2017-11-20,2017-11-22,"Second Class",LP-17080,FUR-FU-10003347,42.6,3,0,16.614
CA-2017-118731,2017-11-20,2017-11-22,"Second Class",LP-17080,OFF-BI-10000069,84.056,7,0.2,27.3182
CA-2014-145576,2014-09-14,2014-09-18,"Second Class",CA-12775,OFF-AP-10003914,13,5,0.2,1.3
CA-2014-145576,2014-09-14,2014-09-18,"Second Class",CA-12775,FUR-FU-10004020,13.128,3,0.2,3.7743
CA-2015-130736,2015-12-07,2015-12-09,"First Class",JF-15490,OFF-FA-10003467,3.96,2,0,0
CA-2015-130736,2015-12-07,2015-12-09,"First Class",JF-15490,OFF-LA-10000634,2.61,1,0,1.2006
CA-2017-137099,2017-12-07,2017-12-10,"First Class",FP-14320,TEC-PH-10002496,374.376,3,0.2,46.797
CA-2017-156951,2017-10-01,2017-10-08,"Standard Class",EB-13840,OFF-PA-10004530,91.84,8,0,45.0016
CA-2017-156951,2017-10-01,2017-10-08,"Standard Class",EB-13840,OFF-BI-10001107,81.088,7,0.2,27.3672
CA-2017-156951,2017-10-01,2017-10-08,"Standard Class",EB-13840,OFF-PA-10004451,19.44,3,0,9.3312
CA-2017-156951,2017-10-01,2017-10-08,"Standard Class",EB-13840,FUR-CH-10004997,451.152,3,0.2,0
CA-2017-164826,2017-12-28,2018-01-04,"Standard Class",JF-15415,OFF-LA-10001297,72.45,7,0,34.776
CA-2017-164826,2017-12-28,2018-01-04,"Standard Class",JF-15415,OFF-FA-10000585,13.96,4,0,6.4216
CA-2017-164826,2017-12-28,2018-01-04,"Standard Class",JF-15415,OFF-BI-10001922,33.264,7,0.2,11.2266
CA-2017-164826,2017-12-28,2018-01-04,"Standard Class",JF-15415,TEC-PH-10000347,14.85,3,0,4.0095
CA-2016-127250,2016-11-03,2016-11-07,"Standard Class",SF-20200,OFF-AR-10003394,8.82,3,0,2.3814
CA-2015-149713,2015-09-18,2015-09-22,"Second Class",TG-21640,OFF-PA-10004530,160.72,14,0,78.7528
CA-2015-149713,2015-09-18,2015-09-22,"Second Class",TG-21640,OFF-PA-10001450,19.92,4,0,9.7608
CA-2015-149713,2015-09-18,2015-09-22,"Second Class",TG-21640,OFF-SU-10001574,7.3,2,0,2.19
CA-2017-118640,2017-07-20,2017-07-26,"Standard Class",CS-11950,OFF-ST-10002974,69.712,2,0.2,8.714
CA-2015-132906,2015-09-10,2015-09-14,"Standard Class",CC-12145,OFF-SU-10004498,51.52,4,0,1.5456
CA-2017-145233,2017-12-01,2017-12-05,"Standard Class",DV-13465,TEC-PH-10004977,470.376,3,0.2,52.9173
CA-2017-145233,2017-12-01,2017-12-05,"Standard Class",DV-13465,TEC-PH-10000586,105.584,2,0.2,9.2386
CA-2017-145233,2017-12-01,2017-12-05,"Standard Class",DV-13465,OFF-AP-10000358,31.152,3,0.2,3.5046
CA-2017-145233,2017-12-01,2017-12-05,"Standard Class",DV-13465,OFF-BI-10002764,6.783,7,0.7,-4.7481
CA-2017-145233,2017-12-01,2017-12-05,"Standard Class",DV-13465,TEC-PH-10001254,406.368,4,0.2,30.4776
CA-2015-128139,2015-07-03,2015-07-09,"Standard Class",BD-11725,FUR-CH-10003956,70.98,1,0,4.9686
CA-2015-128139,2015-07-03,2015-07-09,"Standard Class",BD-11725,OFF-LA-10003930,294.93,3,0,144.5157
US-2016-156986,2016-03-20,2016-03-24,"Standard Class",ZC-21910,TEC-PH-10003800,84.784,2,0.2,-20.1362
US-2016-156986,2016-03-20,2016-03-24,"Standard Class",ZC-21910,OFF-PA-10002005,20.736,4,0.2,7.2576
US-2016-156986,2016-03-20,2016-03-24,"Standard Class",ZC-21910,OFF-BI-10002498,16.821,3,0.7,-12.8961
US-2016-156986,2016-03-20,2016-03-24,"Standard Class",ZC-21910,OFF-PA-10004101,10.368,2,0.2,3.6288
CA-2014-135405,2014-01-09,2014-01-13,"Standard Class",MS-17830,OFF-AR-10004078,9.344,2,0.2,1.168
CA-2014-135405,2014-01-09,2014-01-13,"Standard Class",MS-17830,TEC-AC-10001266,31.2,3,0.2,9.75
CA-2014-131450,2014-08-08,2014-08-15,"Standard Class",LR-16915,OFF-AP-10004708,76.12,2,0,22.0748
CA-2014-131450,2014-08-08,2014-08-15,"Standard Class",LR-16915,TEC-CO-10004115,1199.976,3,0.2,434.9913
CA-2014-131450,2014-08-08,2014-08-15,"Standard Class",LR-16915,TEC-PH-10002398,445.96,5,0.2,55.745
CA-2014-131450,2014-08-08,2014-08-15,"Standard Class",LR-16915,FUR-FU-10001979,327.76,8,0,91.7728
CA-2016-120180,2016-07-14,2016-07-16,"First Class",TP-21130,OFF-SU-10004115,11.632,2,0.2,1.0178
US-2016-100720,2016-07-16,2016-07-21,"Standard Class",CK-12205,TEC-PH-10001425,143.982,3,0.4,-28.7964
US-2016-100720,2016-07-16,2016-07-21,"Standard Class",CK-12205,TEC-PH-10003963,494.376,4,0.4,-115.3544
US-2016-100720,2016-07-16,2016-07-21,"Standard Class",CK-12205,OFF-SU-10001574,5.84,2,0.2,0.73
CA-2014-149958,2014-03-15,2014-03-19,"Standard Class",AS-10240,OFF-ST-10001490,142.776,1,0.2,17.847
CA-2014-149958,2014-03-15,2014-03-19,"Standard Class",AS-10240,FUR-FU-10001756,45.696,3,0.2,5.1408
CA-2014-149958,2014-03-15,2014-03-19,"Standard Class",AS-10240,OFF-BI-10000773,7.218,3,0.7,-5.5338
CA-2014-149958,2014-03-15,2014-03-19,"Standard Class",AS-10240,OFF-BI-10001543,43.188,4,0.7,-31.6712
CA-2014-149958,2014-03-15,2014-03-19,"Standard Class",AS-10240,OFF-PA-10002120,131.904,3,0.2,47.8152
US-2014-105767,2014-05-23,2014-05-27,"Standard Class",AR-10510,OFF-BI-10000848,3.282,2,0.7,-2.6256
US-2014-105767,2014-05-23,2014-05-27,"Standard Class",AR-10510,OFF-AR-10001246,21.168,9,0.2,2.3814
US-2014-105767,2014-05-23,2014-05-27,"Standard Class",AR-10510,TEC-PH-10003092,55.188,2,0.4,-10.1178
CA-2016-161816,2016-04-28,2016-05-01,"First Class",NB-18655,TEC-PH-10003012,369.576,3,0.2,41.5773
CA-2016-161816,2016-04-28,2016-05-01,"First Class",NB-18655,OFF-LA-10004345,15.712,4,0.2,5.6956
CA-2016-121223,2016-09-11,2016-09-13,"Second Class",GD-14590,OFF-PA-10001204,8.448,2,0.2,2.64
CA-2016-121223,2016-09-11,2016-09-13,"Second Class",GD-14590,TEC-PH-10004667,728.946,9,0.4,-157.9383
CA-2017-138611,2017-11-14,2017-11-17,"Second Class",CK-12595,TEC-PH-10000011,119.94,10,0.4,15.992
CA-2017-138611,2017-11-14,2017-11-17,"Second Class",CK-12595,OFF-BI-10002949,3.648,2,0.7,-2.7968
CA-2017-117947,2017-08-18,2017-08-23,"Second Class",NG-18355,FUR-FU-10003849,40.48,2,0,15.7872
CA-2017-117947,2017-08-18,2017-08-23,"Second Class",NG-18355,FUR-FU-10000010,9.94,2,0,3.0814
CA-2017-117947,2017-08-18,2017-08-23,"Second Class",NG-18355,OFF-BI-10002824,107.424,9,0.2,33.57
CA-2017-117947,2017-08-18,2017-08-23,"Second Class",NG-18355,TEC-PH-10002538,37.91,1,0,10.9939
CA-2017-117947,2017-08-18,2017-08-23,"Second Class",NG-18355,FUR-FU-10000521,88.02,3,0,27.2862
US-2014-111171,2014-12-26,2014-12-31,"Standard Class",CA-12265,OFF-BI-10002103,8.69,5,0.8,-14.773
CA-2015-138009,2015-11-29,2015-12-03,"Standard Class",SF-20965,FUR-CH-10004853,301.96,2,0,87.5684
CA-2015-138009,2015-11-29,2015-12-03,"Standard Class",SF-20965,OFF-AP-10000179,555.21,5,0.1,178.901
CA-2015-138009,2015-11-29,2015-12-03,"Standard Class",SF-20965,OFF-ST-10001272,523.48,4,0,130.87
CA-2015-138009,2015-11-29,2015-12-03,"Standard Class",SF-20965,OFF-AR-10004042,161.82,9,0,46.9278
CA-2017-163020,2017-09-15,2017-09-19,"Standard Class",MO-17800,FUR-FU-10000221,35.56,7,0,12.0904
CA-2017-153787,2017-05-19,2017-05-23,"Standard Class",AT-10735,OFF-AP-10001563,97.16,2,0,28.1764
US-2016-135720,2016-12-11,2016-12-13,"Second Class",FM-14380,OFF-ST-10001963,243.384,3,0.2,-51.7191
US-2016-135720,2016-12-11,2016-12-13,"Second Class",FM-14380,TEC-AC-10001267,119.8,5,0.2,29.95
US-2016-135720,2016-12-11,2016-12-13,"Second Class",FM-14380,TEC-PH-10002103,300.768,4,0.2,30.0768
CA-2017-144694,2017-09-24,2017-09-26,"Second Class",BD-11605,TEC-AC-10002857,17.88,3,0.2,2.4585
CA-2017-144694,2017-09-24,2017-09-26,"Second Class",BD-11605,OFF-LA-10003930,235.944,3,0.2,85.5297
CA-2015-168004,2015-10-04,2015-10-09,"Second Class",DJ-13420,FUR-CH-10001482,392.94,3,0,43.2234
US-2016-123470,2016-08-15,2016-08-21,"Standard Class",ME-17725,OFF-BI-10001989,18.882,3,0.7,-13.8468
US-2016-123470,2016-08-15,2016-08-21,"Standard Class",ME-17725,OFF-AP-10003287,122.328,3,0.2,12.2328
CA-2016-115917,2016-05-20,2016-05-25,"Standard Class",RB-19465,FUR-FU-10000576,1049.2,5,0,272.792
CA-2016-115917,2016-05-20,2016-05-25,"Standard Class",RB-19465,OFF-BI-10004728,15.424,4,0.2,5.0128
CA-2016-147067,2016-12-18,2016-12-22,"Standard Class",JD-16150,FUR-FU-10000732,18.84,3,0,6.0288
CA-2017-167913,2017-07-30,2017-08-03,"Second Class",JL-15835,OFF-ST-10000585,330.4,2,0,85.904
CA-2017-167913,2017-07-30,2017-08-03,"Second Class",JL-15835,OFF-LA-10002787,26.25,7,0,12.6
CA-2017-106103,2017-06-10,2017-06-15,"Standard Class",SC-20305,TEC-AC-10003832,132.52,4,0,54.3332
US-2017-127719,2017-07-21,2017-07-25,"Standard Class",TW-21025,OFF-PA-10001934,6.48,1,0,3.1752
CA-2017-126221,2017-12-30,2018-01-05,"Standard Class",CC-12430,OFF-AP-10002457,209.3,2,0,56.511
CA-2016-103947,2016-04-01,2016-04-08,"Standard Class",BB-10990,OFF-FA-10003112,31.56,5,0.2,9.8625
CA-2016-103947,2016-04-01,2016-04-08,"Standard Class",BB-10990,OFF-AP-10002350,30.144,2,0.2,3.0144
CA-2016-160745,2016-12-11,2016-12-16,"Second Class",AR-10825,FUR-FU-10001935,14.8,4,0,6.068
CA-2016-160745,2016-12-11,2016-12-16,"Second Class",AR-10825,TEC-PH-10003273,302.376,3,0.2,22.6782
CA-2016-160745,2016-12-11,2016-12-16,"Second Class",AR-10825,TEC-AC-10001142,316,4,0,31.6
CA-2016-132661,2016-10-23,2016-10-29,"Standard Class",SR-20740,OFF-PA-10000482,379.4,10,0,178.318
CA-2017-140844,2017-06-19,2017-06-23,"Standard Class",AR-10405,OFF-PA-10003892,97.82,2,0,45.9754
CA-2017-140844,2017-06-19,2017-06-23,"Standard Class",AR-10405,TEC-AC-10001101,103.12,8,0,10.312
CA-2016-137239,2016-08-22,2016-08-28,"Standard Class",CR-12730,OFF-AP-10002439,113.552,2,0.2,8.5164
CA-2016-137239,2016-08-22,2016-08-28,"Standard Class",CR-12730,OFF-BI-10002827,3.318,2,0.7,-2.6544
CA-2016-137239,2016-08-22,2016-08-28,"Standard Class",CR-12730,OFF-EN-10002230,134.288,2,0.2,45.3222
US-2016-156097,2016-09-19,2016-09-19,"Same Day",EH-14125,FUR-CH-10001215,701.372,2,0.3,-50.098
US-2016-156097,2016-09-19,2016-09-19,"Same Day",EH-14125,OFF-BI-10004654,2.308,2,0.8,-3.462
CA-2015-146563,2015-08-24,2015-08-28,"Standard Class",CB-12025,OFF-ST-10001490,999.432,7,0.2,124.929
CA-2015-146563,2015-08-24,2015-08-28,"Standard Class",CB-12025,OFF-ST-10001511,724.08,14,0.2,-135.765
CA-2015-146563,2015-08-24,2015-08-28,"Standard Class",CB-12025,FUR-TA-10001768,918.785,5,0.3,-118.1295
CA-2015-146563,2015-08-24,2015-08-28,"Standard Class",CB-12025,OFF-BI-10003981,2.724,3,0.8,-4.2222
CA-2016-123666,2016-03-26,2016-03-30,"Standard Class",SP-20545,OFF-ST-10001522,459.95,5,0,18.398
CA-2016-143308,2016-11-04,2016-11-04,"Same Day",RC-19825,OFF-FA-10000621,10.74,3,0,5.2626
CA-2017-132682,2017-06-08,2017-06-10,"Second Class",TH-21235,OFF-SU-10004231,23.76,3,0.2,2.079
CA-2017-132682,2017-06-08,2017-06-10,"Second Class",TH-21235,OFF-PA-10000474,85.056,3,0.2,28.7064
CA-2017-132682,2017-06-08,2017-06-10,"Second Class",TH-21235,TEC-PH-10004042,381.576,3,0.2,28.6182
CA-2014-156314,2014-12-24,2014-12-26,"First Class",RP-19390,FUR-FU-10003096,30.36,5,0.2,8.7285
US-2017-106663,2017-06-09,2017-06-13,"Standard Class",MO-17800,FUR-FU-10002759,23.976,3,0.6,-14.3856
US-2017-106663,2017-06-09,2017-06-13,"Standard Class",MO-17800,FUR-TA-10000688,108.925,1,0.5,-71.8905
CA-2017-111178,2017-06-15,2017-06-22,"Standard Class",TD-20995,OFF-AR-10001954,19.56,5,0.2,1.7115
CA-2017-130351,2017-12-05,2017-12-08,"First Class",RB-19570,OFF-AP-10004532,61.44,3,0,16.5888
CA-2017-130351,2017-12-05,2017-12-08,"First Class",RB-19570,OFF-PA-10002137,38.9,5,0,17.505
CA-2017-130351,2017-12-05,2017-12-08,"First Class",RB-19570,TEC-AC-10003832,99.39,3,0,40.7499
US-2017-119438,2017-03-18,2017-03-23,"Standard Class",CD-11980,OFF-AP-10000804,2.688,3,0.8,-7.392
US-2017-119438,2017-03-18,2017-03-23,"Standard Class",CD-11980,TEC-AC-10003614,27.816,3,0.2,4.5201
US-2017-119438,2017-03-18,2017-03-23,"Standard Class",CD-11980,FUR-FU-10003553,82.524,3,0.6,-41.262
US-2017-119438,2017-03-18,2017-03-23,"Standard Class",CD-11980,OFF-BI-10004632,182.994,3,0.8,-320.2395
CA-2016-164511,2016-11-19,2016-11-24,"Standard Class",DJ-13630,OFF-BI-10003305,14.352,3,0.2,4.6644
CA-2016-164511,2016-11-19,2016-11-24,"Standard Class",DJ-13630,OFF-ST-10002583,64.96,2,0,2.5984
CA-2016-164511,2016-11-19,2016-11-24,"Standard Class",DJ-13630,OFF-ST-10004507,68.6,4,0,18.522
US-2017-168116,2017-11-04,2017-11-04,"Same Day",GT-14635,TEC-MA-10004125,7999.98,4,0.5,-3839.9904
US-2017-168116,2017-11-04,2017-11-04,"Same Day",GT-14635,OFF-AP-10002457,167.44,2,0.2,14.651
CA-2014-157784,2014-07-05,2014-07-08,"First Class",MC-17845,TEC-AC-10003911,479.97,3,0,163.1898
CA-2014-157784,2014-07-05,2014-07-08,"First Class",MC-17845,OFF-LA-10001934,14.62,2,0,6.8714
CA-2014-157784,2014-07-05,2014-07-08,"First Class",MC-17845,OFF-PA-10000304,19.44,3,0,9.3312
CA-2017-161480,2017-12-25,2017-12-29,"Standard Class",RA-19285,FUR-BO-10004015,191.984,2,0.2,4.7996
US-2014-117135,2014-06-21,2014-06-23,"Second Class",NP-18325,FUR-FU-10004071,104.01,1,0,14.5614
US-2014-117135,2014-06-21,2014-06-23,"Second Class",NP-18325,TEC-PH-10002033,284.82,1,0,74.0532
US-2014-117135,2014-06-21,2014-06-23,"Second Class",NP-18325,OFF-ST-10002444,36.84,3,0,10.3152
CA-2015-131534,2015-03-28,2015-04-02,"Standard Class",AB-10165,TEC-AC-10002253,166.24,1,0,24.936
CA-2015-131534,2015-03-28,2015-04-02,"Standard Class",AB-10165,OFF-PA-10000743,33.4,5,0,16.032
CA-2015-119291,2015-05-14,2015-05-17,"First Class",JO-15550,OFF-AR-10003373,198.272,8,0.2,17.3488
CA-2015-119291,2015-05-14,2015-05-17,"First Class",JO-15550,OFF-LA-10002312,47.36,4,0.2,17.76
CA-2015-119291,2015-05-14,2015-05-17,"First Class",JO-15550,OFF-EN-10000927,200.984,7,0.2,62.8075
CA-2015-119291,2015-05-14,2015-05-17,"First Class",JO-15550,OFF-LA-10003510,97.696,4,0.2,31.7512
CA-2015-119291,2015-05-14,2015-05-17,"First Class",JO-15550,OFF-AR-10001118,2.696,1,0.2,0.8088
CA-2015-119291,2015-05-14,2015-05-17,"First Class",JO-15550,OFF-BI-10001575,18.588,2,0.7,-13.6312
CA-2015-119291,2015-05-14,2015-05-17,"First Class",JO-15550,OFF-BI-10001982,4.896,3,0.7,-3.4272
CA-2017-114552,2017-09-02,2017-09-08,"Standard Class",Dl-13600,FUR-FU-10002960,15.072,3,0.2,4.1448
CA-2016-163755,2016-11-04,2016-11-08,"Second Class",AS-10285,FUR-FU-10003394,209.88,3,0,35.6796
CA-2015-142027,2015-04-09,2015-04-14,"Standard Class",JK-15370,FUR-TA-10002774,369.912,3,0.2,-13.8717
CA-2014-138527,2014-09-12,2014-09-17,"Standard Class",BN-11470,OFF-PA-10001800,10.368,2,0.2,3.6288
CA-2014-138527,2014-09-12,2014-09-17,"Standard Class",BN-11470,OFF-AP-10001469,166.84,5,0.2,18.7695
CA-2014-138527,2014-09-12,2014-09-17,"Standard Class",BN-11470,TEC-AC-10002399,15.216,1,0.2,2.2824
CA-2014-112158,2014-12-02,2014-12-04,"First Class",DP-13165,TEC-AC-10003628,119.96,4,0,52.7824
CA-2014-112158,2014-12-02,2014-12-04,"First Class",DP-13165,FUR-BO-10003272,883.92,5,0.2,-110.49
CA-2014-112158,2014-12-02,2014-12-04,"First Class",DP-13165,OFF-BI-10000050,46.72,8,0.2,15.768
CA-2014-113887,2014-04-05,2014-04-07,"First Class",TH-21550,OFF-PA-10004071,55.48,1,0,26.6304
CA-2017-146136,2017-09-03,2017-09-07,"Standard Class",AP-10915,OFF-EN-10001219,24.448,4,0.2,8.8624
US-2017-100048,2017-05-19,2017-05-24,"Standard Class",RS-19765,OFF-AP-10001154,281.34,6,0,109.7226
US-2017-100048,2017-05-19,2017-05-24,"Standard Class",RS-19765,TEC-PH-10003012,307.98,2,0,89.3142
US-2017-100048,2017-05-19,2017-05-24,"Standard Class",RS-19765,TEC-AC-10001606,299.97,3,0,113.9886
CA-2014-153150,2014-07-01,2014-07-06,"Second Class",Dl-13600,OFF-BI-10003355,19.92,5,0.2,6.972
CA-2014-130092,2014-01-11,2014-01-14,"First Class",SV-20365,FUR-FU-10000010,9.94,2,0,3.0814
CA-2017-108910,2017-09-24,2017-09-29,"Standard Class",KC-16540,FUR-FU-10002253,103.056,3,0.2,24.4758
CA-2014-104472,2014-06-02,2014-06-07,"Standard Class",CK-12325,OFF-BI-10001658,59.808,3,0.2,19.4376
CA-2014-104472,2014-06-02,2014-06-07,"Standard Class",CK-12325,FUR-FU-10000246,73.32,6,0,21.996
CA-2016-112942,2016-02-13,2016-02-18,"Standard Class",RD-19810,OFF-PA-10004092,146.82,3,0,73.41
CA-2016-142335,2016-12-15,2016-12-19,"Standard Class",MP-17965,FUR-TA-10000198,1652.94,3,0,231.4116
CA-2016-142335,2016-12-15,2016-12-19,"Standard Class",MP-17965,OFF-ST-10000036,296.37,3,0,80.0199
CA-2014-117429,2014-10-07,2014-10-13,"Standard Class",MR-17545,FUR-FU-10000222,129.92,5,0.2,21.112
CA-2016-114713,2016-07-07,2016-07-12,"Standard Class",SC-20695,OFF-SU-10004664,45.584,7,0.2,5.1282
CA-2017-144113,2017-09-16,2017-09-20,"Standard Class",JF-15355,OFF-EN-10001141,17.568,2,0.2,6.3684
CA-2017-144113,2017-09-16,2017-09-20,"Standard Class",JF-15355,TEC-PH-10002170,55.992,1,0.2,5.5992
US-2016-150861,2016-12-03,2016-12-06,"First Class",EG-13900,OFF-PA-10001954,182.72,8,0,84.0512
US-2016-150861,2016-12-03,2016-12-06,"First Class",EG-13900,FUR-TA-10002228,400.032,2,0.4,-153.3456
US-2016-150861,2016-12-03,2016-12-06,"First Class",EG-13900,OFF-ST-10004634,33.63,3,0,10.089
US-2016-150861,2016-12-03,2016-12-06,"First Class",EG-13900,FUR-CH-10002965,542.646,3,0.1,102.4998
US-2016-150861,2016-12-03,2016-12-06,"First Class",EG-13900,OFF-LA-10001317,6.3,2,0,3.024
CA-2017-131954,2017-01-21,2017-01-25,"Standard Class",DS-13030,OFF-ST-10000736,242.94,3,0,9.7176
CA-2017-131954,2017-01-21,2017-01-25,"Standard Class",DS-13030,TEC-AC-10003610,179.97,3,0,86.3856
CA-2017-131954,2017-01-21,2017-01-25,"Standard Class",DS-13030,OFF-BI-10003982,99.696,6,0.2,33.6474
CA-2017-131954,2017-01-21,2017-01-25,"Standard Class",DS-13030,OFF-BI-10003291,27.936,4,0.2,9.4284
CA-2017-131954,2017-01-21,2017-01-25,"Standard Class",DS-13030,FUR-BO-10001619,84.98,1,0,18.6956
CA-2017-131954,2017-01-21,2017-01-25,"Standard Class",DS-13030,OFF-BI-10000138,18.72,5,0.2,6.552
CA-2014-132500,2014-09-08,2014-09-12,"Standard Class",GZ-14470,TEC-AC-10001383,49.98,2,0,8.4966
CA-2014-112326,2014-01-04,2014-01-08,"Standard Class",PO-19195,OFF-LA-10003223,11.784,3,0.2,4.2717
CA-2014-112326,2014-01-04,2014-01-08,"Standard Class",PO-19195,OFF-ST-10002743,272.736,3,0.2,-64.7748
CA-2014-112326,2014-01-04,2014-01-08,"Standard Class",PO-19195,OFF-BI-10004094,3.54,2,0.8,-5.487
US-2016-146710,2016-08-27,2016-09-01,"Standard Class",SS-20875,OFF-SU-10004498,51.52,5,0.2,-10.948
US-2016-146710,2016-08-27,2016-09-01,"Standard Class",SS-20875,OFF-PA-10004971,4.624,1,0.2,1.6762
CA-2014-124429,2014-05-27,2014-05-27,"Same Day",MH-17785,FUR-TA-10002607,567.12,10,0.2,-28.356
CA-2014-124429,2014-05-27,2014-05-27,"Same Day",MH-17785,OFF-ST-10001809,359.32,4,0,7.1864
CA-2016-150889,2016-03-20,2016-03-22,"Second Class",PB-19105,TEC-PH-10000004,11.992,1,0.2,0.8994
CA-2017-126074,2017-10-02,2017-10-06,"Standard Class",RF-19735,OFF-BI-10003638,58.05,3,0,26.703
CA-2017-126074,2017-10-02,2017-10-06,"Standard Class",RF-19735,FUR-FU-10003577,157.74,11,0,56.7864
CA-2017-126074,2017-10-02,2017-10-06,"Standard Class",RF-19735,OFF-AR-10003478,56.98,7,0,22.792
CA-2017-126074,2017-10-02,2017-10-06,"Standard Class",RF-19735,OFF-BI-10000546,2.88,1,0,1.4112
CA-2016-110499,2016-04-07,2016-04-09,"First Class",YC-21895,TEC-CO-10002095,1199.976,3,0.2,374.9925
CA-2015-135272,2015-12-07,2015-12-12,"Standard Class",MS-17830,FUR-FU-10002759,79.92,4,0,28.7712
CA-2016-140928,2016-09-18,2016-09-22,"Standard Class",NB-18655,FUR-TA-10001095,383.438,4,0.45,-167.3184
CA-2014-106803,2014-12-29,2015-01-02,"Standard Class",DC-13285,OFF-ST-10002444,24.56,2,0,6.8768
CA-2014-106803,2014-12-29,2015-01-02,"Standard Class",DC-13285,TEC-AC-10001267,119.8,4,0,47.92
CA-2017-117240,2017-07-23,2017-07-28,"Standard Class",CP-12340,OFF-BI-10000848,13.128,3,0.2,4.2666
CA-2015-112319,2015-08-31,2015-09-05,"Standard Class",AR-10510,OFF-PA-10003441,58.32,9,0,27.9936
CA-2017-126046,2017-11-03,2017-11-07,"Standard Class",JC-16105,OFF-LA-10004484,12.39,3,0,5.6994
CA-2015-114923,2015-02-08,2015-02-13,"Standard Class",LH-17020,TEC-PH-10003931,107.982,3,0.4,-26.9955
CA-2014-162775,2014-01-13,2014-01-15,"Second Class",CS-12250,OFF-EN-10001990,11.36,2,0,5.3392
CA-2014-162775,2014-01-13,2014-01-15,"Second Class",CS-12250,OFF-EN-10001532,50.94,3,0,25.47
CA-2014-162775,2014-01-13,2014-01-15,"Second Class",CS-12250,TEC-AC-10003174,646.74,6,0,258.696
CA-2014-162775,2014-01-13,2014-01-15,"Second Class",CS-12250,OFF-BI-10004187,5.64,3,0,2.7072
CA-2014-162775,2014-01-13,2014-01-15,"Second Class",CS-12250,OFF-ST-10000025,572.58,6,0,34.3548
CA-2014-106810,2014-05-14,2014-05-20,"Standard Class",AJ-10795,FUR-FU-10004306,310.88,2,0.2,23.316
CA-2016-157245,2016-05-19,2016-05-24,"Standard Class",LE-16810,FUR-CH-10003746,641.96,2,0,179.7488
CA-2017-104220,2017-01-30,2017-02-05,"Standard Class",BV-11245,OFF-BI-10001036,18.28,2,0,9.14
CA-2017-104220,2017-01-30,2017-02-05,"Standard Class",BV-11245,TEC-PH-10004614,207,3,0,51.75
CA-2017-104220,2017-01-30,2017-02-05,"Standard Class",BV-11245,OFF-BI-10000301,32.35,5,0,16.175
CA-2017-104220,2017-01-30,2017-02-05,"Standard Class",BV-11245,OFF-BI-10003910,7.71,1,0,3.4695
CA-2017-104220,2017-01-30,2017-02-05,"Standard Class",BV-11245,OFF-AR-10004648,40.3,2,0,10.881
CA-2017-104220,2017-01-30,2017-02-05,"Standard Class",BV-11245,FUR-FU-10002597,34.58,7,0,14.5236
CA-2014-165974,2014-06-29,2014-07-06,"Standard Class",DL-12865,OFF-AR-10003405,32.76,7,0.2,3.6855
CA-2015-144267,2015-08-21,2015-08-23,"First Class",NZ-18565,FUR-CH-10002335,544.008,3,0.2,40.8006
CA-2015-144267,2015-08-21,2015-08-23,"First Class",NZ-18565,OFF-PA-10000157,59.94,3,0,28.1718
CA-2015-144267,2015-08-21,2015-08-23,"First Class",NZ-18565,OFF-PA-10001947,23.92,4,0,11.7208
CA-2015-144267,2015-08-21,2015-08-23,"First Class",NZ-18565,OFF-PA-10003657,4.28,1,0,1.926
US-2015-157014,2015-10-03,2015-10-06,"Second Class",BM-11785,OFF-BI-10001098,32.07,5,0.7,-22.449
US-2015-157014,2015-10-03,2015-10-06,"Second Class",BM-11785,TEC-AC-10002167,24,2,0.2,-2.7
US-2015-157014,2015-10-03,2015-10-06,"Second Class",BM-11785,FUR-BO-10004409,35.49,1,0.5,-15.6156
US-2015-157014,2015-10-03,2015-10-06,"Second Class",BM-11785,TEC-AC-10000057,47.984,2,0.2,0.5998
CA-2015-154921,2015-05-23,2015-05-28,"Standard Class",EA-14035,OFF-EN-10000056,186.69,3,0,87.7443
CA-2017-129567,2017-03-17,2017-03-21,"Second Class",CL-12565,OFF-BI-10000014,17.456,2,0.2,5.8914
CA-2015-154620,2015-12-12,2015-12-16,"Standard Class",LT-17110,FUR-CH-10004675,348.928,2,0.2,34.8928
CA-2015-115938,2015-06-26,2015-06-30,"Standard Class",SA-20830,OFF-BI-10001543,143.96,4,0,69.1008
CA-2015-115938,2015-06-26,2015-06-30,"Standard Class",SA-20830,OFF-ST-10001321,15.42,1,0,4.1634
CA-2015-115938,2015-06-26,2015-06-30,"Standard Class",SA-20830,OFF-BI-10001132,43.04,8,0,21.0896
CA-2015-115938,2015-06-26,2015-06-30,"Standard Class",SA-20830,FUR-CH-10003199,332.94,3,0,79.9056
CA-2016-105256,2016-05-20,2016-05-20,"Same Day",JK-15730,TEC-PH-10001530,1363.96,5,0.2,85.2475
CA-2014-156433,2014-09-20,2014-09-26,"Standard Class",ES-14020,OFF-LA-10001569,9.96,2,0,4.5816
CA-2014-156433,2014-09-20,2014-09-26,"Standard Class",ES-14020,OFF-PA-10003724,21.72,4,0,10.6428
CA-2017-151428,2017-09-21,2017-09-26,"Standard Class",RH-19495,OFF-BI-10000546,20.16,7,0,9.8784
CA-2015-124653,2015-12-24,2015-12-26,"First Class",DB-13120,OFF-PA-10000176,132.79,7,0,63.7392
CA-2015-124653,2015-12-24,2015-12-26,"First Class",DB-13120,OFF-PA-10002365,12.96,2,0,6.2208
CA-2015-124653,2015-12-24,2015-12-26,"First Class",DB-13120,OFF-LA-10002271,21.56,7,0,10.3488
CA-2015-101910,2015-11-27,2015-12-03,"Standard Class",CD-11920,FUR-CH-10002647,283.92,5,0.2,17.745
CA-2017-105809,2017-02-20,2017-02-23,"First Class",HW-14935,FUR-FU-10004090,22.23,1,0,7.3359
CA-2017-105809,2017-02-20,2017-02-23,"First Class",HW-14935,TEC-PH-10001580,215.968,2,0.2,18.8972
CA-2016-136133,2016-08-18,2016-08-23,"Second Class",HW-14935,OFF-AP-10000576,355.32,9,0,99.4896
CA-2016-115504,2016-03-12,2016-03-17,"Standard Class",MC-18130,OFF-PA-10003953,12.96,2,0,6.2208
CA-2017-135783,2017-04-22,2017-04-24,"First Class",GM-14440,FUR-FU-10000794,18.28,2,0,6.2152
CA-2014-134313,2014-11-01,2014-11-07,"Standard Class",RA-19915,OFF-AR-10001897,43.176,3,0.2,4.3176
CA-2014-134313,2014-11-01,2014-11-07,"Standard Class",RA-19915,TEC-PH-10001795,1983.968,4,0.2,247.996
CA-2015-140921,2015-02-03,2015-02-05,"First Class",AA-10375,FUR-FU-10003347,28.4,2,0,11.076
CA-2015-140921,2015-02-03,2015-02-05,"First Class",AA-10375,TEC-AC-10004901,149.97,3,0,50.9898
CA-2014-151995,2014-10-13,2014-10-15,"First Class",ZC-21910,OFF-AR-10003190,11.52,4,0,3.2256
CA-2014-151995,2014-10-13,2014-10-15,"First Class",ZC-21910,FUR-TA-10002903,1298.55,5,0,311.652
CA-2014-151995,2014-10-13,2014-10-15,"First Class",ZC-21910,OFF-AP-10000240,213.92,4,0,62.0368
CA-2014-151995,2014-10-13,2014-10-15,"First Class",ZC-21910,TEC-AC-10001101,25.78,2,0,2.578
CA-2017-143686,2017-05-14,2017-05-14,"Same Day",PJ-19015,FUR-FU-10000794,18.28,2,0,6.2152
CA-2017-143686,2017-05-14,2017-05-14,"Same Day",PJ-19015,TEC-AC-10001838,1399.93,7,0,601.9699
CA-2015-106565,2015-03-20,2015-03-23,"First Class",BW-11110,OFF-PA-10000061,51.84,8,0,24.8832
CA-2016-149370,2016-09-15,2016-09-19,"Standard Class",DB-13210,OFF-PA-10003651,5.344,1,0.2,1.8704
CA-2014-140858,2014-06-28,2014-07-02,"Standard Class",CA-12775,OFF-PA-10000304,41.472,8,0.2,14.5152
CA-2014-140858,2014-06-28,2014-07-02,"Standard Class",CA-12775,OFF-BI-10003094,3.168,3,0.7,-2.4288
CA-2014-140858,2014-06-28,2014-07-02,"Standard Class",CA-12775,FUR-CH-10001394,1228.465,5,0.3,0
CA-2014-140858,2014-06-28,2014-07-02,"Standard Class",CA-12775,OFF-BI-10004230,31.086,3,0.7,-22.7964
CA-2014-140858,2014-06-28,2014-07-02,"Standard Class",CA-12775,OFF-PA-10003395,335.52,4,0.2,117.432
CA-2017-101434,2017-06-20,2017-06-27,"Standard Class",TR-21325,TEC-AC-10002402,239.97,3,0,71.991
CA-2017-101434,2017-06-20,2017-06-27,"Standard Class",TR-21325,OFF-LA-10003223,9.82,2,0,4.8118
US-2014-102071,2014-05-09,2014-05-15,"Standard Class",PG-18820,TEC-AC-10003441,67.8,4,0,4.068
US-2014-102071,2014-05-09,2014-05-15,"Standard Class",PG-18820,TEC-AC-10000109,167.97,3,0,40.3128
CA-2017-126956,2017-08-21,2017-08-28,"Standard Class",GT-14710,OFF-FA-10002280,35,7,0,16.8
CA-2017-126956,2017-08-21,2017-08-28,"Standard Class",GT-14710,OFF-SU-10000381,37.24,4,0,10.7996
CA-2017-126956,2017-08-21,2017-08-28,"Standard Class",GT-14710,OFF-EN-10004459,15.28,2,0,7.4872
CA-2017-129462,2017-06-16,2017-06-21,"Second Class",JE-15745,FUR-CH-10000665,301.96,2,0,90.588
CA-2017-129462,2017-06-16,2017-06-21,"Second Class",JE-15745,OFF-AP-10003884,180.66,3,0,50.5848
CA-2017-129462,2017-06-16,2017-06-21,"Second Class",JE-15745,TEC-PH-10001557,191.98,2,0,51.8346
CA-2017-129462,2017-06-16,2017-06-21,"Second Class",JE-15745,TEC-PH-10002085,65.99,1,0,17.1574
CA-2016-165316,2016-07-23,2016-07-27,"Standard Class",JB-15400,OFF-AR-10002956,35.216,2,0.2,2.6412
CA-2016-165316,2016-07-23,2016-07-27,"Standard Class",JB-15400,OFF-AP-10003266,23.696,2,0.2,6.5164
CA-2016-165316,2016-07-23,2016-07-27,"Standard Class",JB-15400,TEC-MA-10004002,265.475,1,0.5,-111.4995
US-2014-115987,2014-09-08,2014-09-13,"Second Class",LH-17020,OFF-BI-10001071,51.184,4,0.8,-79.3352
US-2017-156083,2017-11-04,2017-11-11,"Standard Class",JL-15175,OFF-PA-10001560,9.664,2,0.2,3.2616
US-2016-137547,2016-03-07,2016-03-12,"Standard Class",EB-13705,TEC-PH-10002365,21.072,3,0.2,1.5804
CA-2015-100454,2015-11-20,2015-11-25,"Standard Class",BM-11650,OFF-AR-10004648,60.45,3,0,16.3215
CA-2015-100454,2015-11-20,2015-11-25,"Standard Class",BM-11650,OFF-AR-10002578,11.52,4,0,3.3408
CA-2015-100454,2015-11-20,2015-11-25,"Standard Class",BM-11650,FUR-BO-10001519,186.048,4,0.2,9.3024
CA-2016-161669,2016-11-07,2016-11-09,"First Class",EM-14095,OFF-BI-10001294,37.44,4,0.2,11.7
CA-2016-161669,2016-11-07,2016-11-09,"First Class",EM-14095,OFF-BI-10001636,26.976,4,0.2,8.7672
CA-2016-161669,2016-11-07,2016-11-09,"First Class",EM-14095,OFF-SU-10002503,11.36,2,0,3.2944
CA-2016-161669,2016-11-07,2016-11-09,"First Class",EM-14095,OFF-LA-10004093,14.62,2,0,6.8714
CA-2015-114300,2015-10-13,2015-10-17,"Standard Class",AF-10885,TEC-PH-10001552,83.72,7,0,23.4416
CA-2015-114300,2015-10-13,2015-10-17,"Standard Class",AF-10885,FUR-CH-10001891,287.94,3,0,77.7438
CA-2014-107755,2014-02-07,2014-02-12,"Standard Class",CK-12760,TEC-AC-10000710,115.36,7,0,49.6048
CA-2016-152534,2016-06-20,2016-06-25,"Second Class",DP-13105,OFF-AR-10002335,5.16,2,0,1.3416
CA-2016-152534,2016-06-20,2016-06-25,"Second Class",DP-13105,OFF-PA-10001870,38.88,6,0,18.6624
CA-2016-113747,2016-05-28,2016-06-04,"Standard Class",VD-21670,OFF-AR-10003373,185.88,6,0,50.1876
CA-2016-123274,2016-02-19,2016-02-24,"Standard Class",GT-14710,FUR-FU-10004090,44.46,2,0,14.6718
CA-2016-123274,2016-02-19,2016-02-24,"Standard Class",GT-14710,OFF-ST-10000736,242.94,3,0,9.7176
CA-2014-125612,2014-08-03,2014-08-08,"Standard Class",BK-11260,OFF-PA-10001019,39.96,2,0,18.7812
CA-2014-125612,2014-08-03,2014-08-08,"Standard Class",BK-11260,OFF-SU-10002537,102.3,10,0,26.598
CA-2014-125612,2014-08-03,2014-08-08,"Standard Class",BK-11260,OFF-ST-10003221,21.36,2,0,5.7672
CA-2017-161984,2017-04-10,2017-04-15,"Standard Class",SJ-20125,OFF-PA-10004569,7.61,1,0,3.5767
CA-2017-161984,2017-04-10,2017-04-15,"Standard Class",SJ-20125,OFF-FA-10000624,7.16,2,0,3.58
CA-2014-133851,2014-06-09,2014-06-16,"Standard Class",CM-12445,OFF-SU-10001225,7.36,2,0,0.1472
CA-2014-133851,2014-06-09,2014-06-16,"Standard Class",CM-12445,OFF-AR-10003752,23.1,2,0,10.626
CA-2016-134474,2016-01-05,2016-01-07,"Second Class",AJ-10795,TEC-AC-10001714,191.472,6,0.2,40.6878
CA-2016-134474,2016-01-05,2016-01-07,"Second Class",AJ-10795,OFF-AR-10003958,5.248,2,0.2,0.5904
CA-2016-134474,2016-01-05,2016-01-07,"Second Class",AJ-10795,TEC-PH-10002923,59.184,2,0.2,5.1786
CA-2014-149020,2014-01-10,2014-01-15,"Standard Class",AJ-10780,OFF-LA-10004272,2.89,1,0,1.3583
CA-2014-149020,2014-01-10,2014-01-15,"Standard Class",AJ-10780,FUR-FU-10000965,51.94,1,0,21.2954
CA-2016-134362,2016-09-29,2016-10-02,"First Class",LS-16945,OFF-LA-10004853,15.936,4,0.2,5.1792
CA-2014-136742,2014-04-06,2014-04-10,"Standard Class",GP-14740,OFF-BI-10003719,44.91,6,0.7,-35.928
CA-2016-158099,2016-09-03,2016-09-05,"First Class",PK-18910,OFF-BI-10000545,1141.47,5,0.7,-760.98
CA-2016-158099,2016-09-03,2016-09-05,"First Class",PK-18910,TEC-PH-10002496,280.782,3,0.4,-46.797
CA-2015-131128,2015-10-19,2015-10-20,"First Class",TB-21520,OFF-PA-10003591,34.44,3,0,17.22
CA-2014-148488,2014-12-10,2014-12-15,"Standard Class",SM-20005,OFF-BI-10000315,106.344,7,0.2,37.2204
CA-2017-114636,2017-08-25,2017-08-29,"Standard Class",GA-14725,OFF-PA-10001790,192.16,5,0.2,67.256
CA-2016-116736,2016-01-17,2016-01-21,"Standard Class",CC-12430,FUR-FU-10004017,322.59,3,0,64.518
CA-2016-116736,2016-01-17,2016-01-21,"Standard Class",CC-12430,TEC-AC-10003628,29.99,1,0,13.1956
CA-2016-116736,2016-01-17,2016-01-21,"Standard Class",CC-12430,TEC-AC-10002049,371.97,3,0,66.9546
CA-2017-111689,2017-11-30,2017-12-02,"Second Class",HP-14815,OFF-BI-10003984,68.472,3,0.2,23.1093
CA-2017-111689,2017-11-30,2017-12-02,"Second Class",HP-14815,FUR-CH-10004287,1242.9,5,0.1,262.39
CA-2015-129098,2015-10-09,2015-10-13,"Standard Class",DK-13090,OFF-ST-10001321,30.84,2,0,8.3268
US-2017-123463,2017-12-23,2017-12-23,"Same Day",GZ-14470,OFF-AR-10001118,13.48,4,0,5.9312
CA-2016-165148,2016-10-22,2016-10-24,"First Class",PM-19135,FUR-FU-10000732,31.4,5,0,10.048
CA-2014-134061,2014-04-29,2014-05-04,"Standard Class",LL-16840,FUR-FU-10001424,17.46,2,0,5.9364
CA-2015-143602,2015-04-25,2015-04-28,"Second Class",JS-15595,OFF-BI-10002071,13.944,3,0.2,4.5318
CA-2017-115364,2017-06-26,2017-07-02,"Standard Class",OT-18730,OFF-ST-10002486,83.76,12,0,1.6752
CA-2017-150707,2017-10-14,2017-10-19,"Standard Class",EL-13735,OFF-BI-10001078,37.66,7,0,18.4534
CA-2014-104976,2014-12-09,2014-12-16,"Standard Class",CK-12760,OFF-PA-10003845,34.68,6,0,16.9932
CA-2017-132934,2017-06-20,2017-06-26,"Standard Class",JE-15475,TEC-AC-10000927,149.95,5,0,14.995
CA-2017-132934,2017-06-20,2017-06-26,"Standard Class",JE-15475,OFF-BI-10001098,51.312,3,0.2,18.6006
CA-2017-133256,2017-06-26,2017-06-27,"First Class",TH-21550,OFF-AR-10003158,15.92,4,0,5.4128
CA-2017-133256,2017-06-26,2017-06-27,"First Class",TH-21550,TEC-PH-10002660,543.92,8,0,135.98
CA-2016-105494,2016-11-10,2016-11-12,"First Class",PC-18745,OFF-ST-10002205,155.82,7,0,42.0714
CA-2016-105494,2016-11-10,2016-11-12,"First Class",PC-18745,OFF-BI-10003364,70.008,3,0.2,24.5028
CA-2016-140634,2016-10-03,2016-10-06,"Second Class",HL-15040,OFF-EN-10001099,15.648,2,0.2,5.0856
CA-2014-144407,2014-09-09,2014-09-15,"Standard Class",MS-17365,OFF-LA-10003923,103.6,7,0,51.8
CA-2017-160983,2017-10-29,2017-10-31,"Second Class",GB-14530,OFF-PA-10002250,46.96,8,0,22.5408
US-2016-114622,2016-04-10,2016-04-12,"First Class",JR-16210,OFF-BI-10004716,8.904,2,0.7,-6.5296
CA-2017-150959,2017-11-11,2017-11-13,"First Class",TD-20995,OFF-LA-10001045,10.44,5,0.2,3.393
CA-2017-150959,2017-11-11,2017-11-13,"First Class",TD-20995,OFF-BI-10001510,18.336,4,0.8,-32.088
CA-2017-132353,2017-09-15,2017-09-17,"First Class",DB-13060,TEC-PH-10004536,323.976,3,0.2,20.2485
CA-2016-130477,2016-04-08,2016-04-12,"Standard Class",LC-17140,OFF-PA-10002947,20.04,3,0,9.6192
CA-2016-130477,2016-04-08,2016-04-12,"Standard Class",LC-17140,OFF-ST-10002583,64.96,2,0,2.5984
CA-2016-130477,2016-04-08,2016-04-12,"Standard Class",LC-17140,OFF-PA-10000019,12.96,2,0,6.2208
CA-2017-143259,2017-12-30,2018-01-03,"Standard Class",PO-18865,FUR-BO-10003441,323.136,4,0.2,12.1176
CA-2017-143259,2017-12-30,2018-01-03,"Standard Class",PO-18865,TEC-PH-10004774,90.93,7,0,2.7279
CA-2017-143259,2017-12-30,2018-01-03,"Standard Class",PO-18865,OFF-BI-10003684,52.776,3,0.2,19.791
CA-2017-137596,2017-09-02,2017-09-07,"Standard Class",BE-11335,TEC-PH-10001494,1199.8,4,0,323.946
CA-2017-137596,2017-09-02,2017-09-07,"Standard Class",BE-11335,TEC-AC-10004666,1928.78,7,0,829.3754
CA-2017-137596,2017-09-02,2017-09-07,"Standard Class",BE-11335,OFF-ST-10003816,352.38,2,0,81.0474
CA-2015-133627,2015-05-31,2015-06-07,"Standard Class",SC-20050,FUR-FU-10001935,22.2,6,0,9.102
CA-2017-102519,2017-11-27,2017-11-29,"First Class",BM-11650,FUR-FU-10004091,46.94,1,0,19.2454
CA-2017-102519,2017-11-27,2017-11-29,"First Class",BM-11650,TEC-AC-10001772,143.73,9,0,56.0547
US-2014-141215,2014-06-15,2014-06-21,"Standard Class",KL-16555,FUR-TA-10001520,99.918,2,0.3,-18.5562
US-2014-141215,2014-06-15,2014-06-21,"Standard Class",KL-16555,FUR-CH-10003379,797.944,4,0.3,-56.996
US-2014-141215,2014-06-15,2014-06-21,"Standard Class",KL-16555,OFF-BI-10002706,8.568,3,0.8,-14.5656
CA-2016-165218,2016-03-05,2016-03-11,"Standard Class",RW-19630,OFF-EN-10000056,149.352,3,0.2,50.4063
CA-2016-165218,2016-03-05,2016-03-11,"Standard Class",RW-19630,OFF-ST-10001558,12.992,1,0.2,-0.812
CA-2014-138296,2014-12-05,2014-12-12,"Standard Class",RC-19825,OFF-ST-10002444,24.56,2,0,6.8768
CA-2015-111164,2015-04-11,2015-04-15,"Standard Class",SE-20110,TEC-AC-10002473,85.14,3,0,34.9074
CA-2015-111164,2015-04-11,2015-04-15,"Standard Class",SE-20110,TEC-PH-10004531,21.99,1,0,10.5552
CA-2015-111164,2015-04-11,2015-04-15,"Standard Class",SE-20110,OFF-AP-10004487,406.6,5,0,113.848
CA-2016-149797,2016-09-15,2016-09-20,"Standard Class",AH-10075,OFF-BI-10003650,841.568,2,0.2,294.5488
CA-2014-132962,2014-09-13,2014-09-16,"First Class",JM-15535,OFF-PA-10003543,15.552,3,0.2,5.4432
CA-2014-132962,2014-09-13,2014-09-16,"First Class",JM-15535,TEC-AC-10004353,252,5,0.2,53.55
CA-2015-115091,2015-10-05,2015-10-09,"Standard Class",JJ-15760,OFF-AR-10000658,46.2,4,0,12.936
CA-2015-115091,2015-10-05,2015-10-09,"Standard Class",JJ-15760,OFF-AP-10000696,28.84,2,0,9.5172
CA-2017-144932,2017-04-14,2017-04-17,"First Class",AB-10165,OFF-AR-10003560,14.592,3,0.2,2.5536
CA-2017-144932,2017-04-14,2017-04-17,"First Class",AB-10165,OFF-AR-10001468,89.856,3,0.2,21.3408
CA-2017-144932,2017-04-14,2017-04-17,"First Class",AB-10165,OFF-PA-10004971,13.872,3,0.2,5.0286
CA-2016-140081,2016-06-20,2016-06-24,"Standard Class",CG-12040,OFF-BI-10004826,29.718,6,0.7,-21.7932
CA-2016-140081,2016-06-20,2016-06-24,"Standard Class",CG-12040,OFF-PA-10001870,15.552,3,0.2,5.4432
CA-2016-140081,2016-06-20,2016-06-24,"Standard Class",CG-12040,OFF-AP-10001058,447.696,2,0.2,33.5772
US-2017-111745,2017-11-05,2017-11-06,"First Class",RA-19885,TEC-AC-10003911,159.99,1,0,54.3966
CA-2015-148250,2015-12-13,2015-12-17,"Standard Class",RP-19270,OFF-PA-10000289,12.96,2,0,6.2208
CA-2015-148250,2015-12-13,2015-12-17,"Standard Class",RP-19270,OFF-AP-10003040,134.48,4,0,34.9648
CA-2016-142958,2016-12-13,2016-12-20,"Standard Class",RW-19630,FUR-TA-10000577,1114.272,4,0.2,41.7852
CA-2015-120880,2015-05-29,2015-06-03,"Standard Class",JL-15850,OFF-PA-10004101,32.4,5,0,15.552
CA-2015-120880,2015-05-29,2015-06-03,"Standard Class",JL-15850,OFF-ST-10001496,540.57,3,0,140.5482
CA-2015-120880,2015-05-29,2015-06-03,"Standard Class",JL-15850,OFF-BI-10002931,167.76,5,0.2,62.91
US-2015-140200,2015-07-26,2015-07-28,"First Class",CA-12775,FUR-TA-10002356,393.165,3,0.5,-204.4458
US-2017-110576,2017-11-28,2017-12-02,"Standard Class",RB-19795,FUR-FU-10003601,516.488,7,0.2,-12.9122
US-2017-110576,2017-11-28,2017-12-02,"Standard Class",RB-19795,FUR-FU-10000576,1007.232,6,0.2,75.5424
US-2017-110576,2017-11-28,2017-12-02,"Standard Class",RB-19795,FUR-TA-10004154,2065.32,12,0.4,-619.596
US-2017-110576,2017-11-28,2017-12-02,"Standard Class",RB-19795,OFF-PA-10000788,15.552,3,0.2,5.4432
US-2017-110576,2017-11-28,2017-12-02,"Standard Class",RB-19795,OFF-PA-10002479,25.344,6,0.2,7.92
CA-2017-131156,2017-04-03,2017-04-07,"Standard Class",KH-16360,FUR-FU-10001940,25.472,4,0.2,7.6416
CA-2017-136539,2017-12-28,2018-01-01,"Standard Class",GH-14665,OFF-AR-10001958,27.168,2,0.2,2.7168
CA-2017-136539,2017-12-28,2018-01-01,"Standard Class",GH-14665,FUR-BO-10004709,78.8528,2,0.32,-11.596
CA-2017-119305,2017-11-30,2017-12-04,"Standard Class",SW-20275,OFF-ST-10000604,173.8,5,0,43.45
CA-2017-102414,2017-05-15,2017-05-18,"Second Class",JA-15970,TEC-PH-10002923,29.592,1,0.2,2.5893
CA-2017-102414,2017-05-15,2017-05-18,"Second Class",JA-15970,OFF-BI-10004465,4.752,2,0.7,-3.168
CA-2015-112571,2015-09-22,2015-09-22,"Same Day",DL-12925,FUR-FU-10004188,204.6,2,0,53.196
CA-2017-152142,2017-11-14,2017-11-19,"Standard Class",LW-16990,FUR-CH-10002965,321.568,2,0.2,28.1372
CA-2015-160059,2015-11-27,2015-12-01,"Standard Class",TB-21190,OFF-BI-10000145,6.24,2,0,3.0576
CA-2016-120859,2016-09-01,2016-09-04,"First Class",CV-12805,OFF-EN-10001335,21.88,2,0,10.94
CA-2014-127488,2014-09-22,2014-09-24,"Second Class",MS-17365,OFF-LA-10001613,4.608,2,0.2,1.6704
CA-2017-135279,2017-04-09,2017-04-11,"First Class",BS-11800,OFF-LA-10004055,9.82,2,0,4.8118
CA-2017-135279,2017-04-09,2017-04-11,"First Class",BS-11800,OFF-AR-10004344,35.97,3,0,9.7119
CA-2017-135279,2017-04-09,2017-04-11,"First Class",BS-11800,OFF-PA-10004621,12.96,2,0,6.2208
CA-2017-135279,2017-04-09,2017-04-11,"First Class",BS-11800,OFF-PA-10001281,191.6,4,0,91.968
CA-2017-135279,2017-04-09,2017-04-11,"First Class",BS-11800,OFF-LA-10001613,8.64,3,0,4.2336
CA-2017-135279,2017-04-09,2017-04-11,"First Class",BS-11800,OFF-ST-10001097,501.81,3,0,0
CA-2014-115791,2014-01-16,2014-01-18,"Second Class",DL-13315,FUR-FU-10001095,127.104,6,0.2,28.5984
CA-2014-115791,2014-01-16,2014-01-18,"Second Class",DL-13315,TEC-PH-10004614,124.2,3,0.4,-31.05
CA-2014-115791,2014-01-16,2014-01-18,"Second Class",DL-13315,OFF-BI-10001575,18.588,2,0.7,-13.6312
CA-2014-115791,2014-01-16,2014-01-18,"Second Class",DL-13315,OFF-LA-10001074,30.072,3,0.2,10.1493
US-2017-103247,2017-10-05,2017-10-08,"Second Class",PO-19195,TEC-PH-10003555,160.93,7,0,3.2186
US-2017-103247,2017-10-05,2017-10-08,"Second Class",PO-19195,OFF-BI-10004492,75.792,3,0.2,25.5798
US-2017-100209,2017-07-09,2017-07-15,"Standard Class",TD-20995,OFF-BI-10002012,1.08,2,0.7,-0.792
CA-2017-159366,2017-01-07,2017-01-10,"First Class",BW-11110,TEC-MA-10000822,3059.982,2,0.1,679.996
CA-2016-145499,2016-05-30,2016-05-31,"First Class",RW-19690,OFF-BI-10000848,3.282,2,0.7,-2.6256
CA-2015-157035,2015-12-09,2015-12-12,"First Class",KB-16600,OFF-PA-10004156,34.02,3,0,16.6698
CA-2016-144939,2016-10-03,2016-10-08,"Standard Class",EB-13870,FUR-CH-10003199,599.292,6,0.1,93.2232
CA-2014-163419,2014-11-11,2014-11-14,"Second Class",TZ-21580,OFF-AR-10000034,3.392,1,0.2,0.8056
CA-2014-163419,2014-11-11,2014-11-14,"Second Class",TZ-21580,TEC-PH-10000560,559.984,2,0.2,55.9984
CA-2014-163419,2014-11-11,2014-11-14,"Second Class",TZ-21580,FUR-CH-10000665,603.92,5,0.2,75.49
CA-2017-100314,2017-09-29,2017-10-05,"Standard Class",AS-10630,OFF-LA-10001569,7.968,2,0.2,2.5896
CA-2017-100314,2017-09-29,2017-10-05,"Standard Class",AS-10630,OFF-EN-10000461,27.968,4,0.2,9.4392
CA-2017-100314,2017-09-29,2017-10-05,"Standard Class",AS-10630,TEC-MA-10003066,336.51,3,0.4,44.868
CA-2015-146829,2015-03-10,2015-03-10,"Same Day",TS-21340,OFF-BI-10004022,1.112,2,0.8,-1.8904
CA-2017-167899,2017-05-21,2017-05-26,"Standard Class",JG-15805,FUR-FU-10004071,520.05,5,0,72.807
CA-2017-167899,2017-05-21,2017-05-26,"Standard Class",JG-15805,OFF-AR-10001988,17.97,3,0,5.2113
CA-2015-153549,2015-03-29,2015-03-31,"Second Class",SL-20155,FUR-CH-10004086,1166.92,5,0.2,131.2785
CA-2016-110023,2016-09-09,2016-09-11,"First Class",TS-21610,OFF-BI-10001036,14.624,2,0.2,5.484
CA-2016-105585,2016-08-26,2016-08-27,"First Class",RF-19735,OFF-FA-10002983,10.23,3,0,4.9104
CA-2016-105585,2016-08-26,2016-08-27,"First Class",RF-19735,OFF-PA-10003625,154.9,5,0,69.705
CA-2014-117639,2014-05-21,2014-05-25,"Standard Class",MW-18235,OFF-BI-10003925,2715.93,7,0,1276.4871
CA-2014-117639,2014-05-21,2014-05-25,"Standard Class",MW-18235,TEC-PH-10001530,617.97,3,0,173.0316
CA-2015-162537,2015-10-28,2015-11-03,"Standard Class",RD-19585,OFF-EN-10003862,10.67,1,0,4.9082
CA-2015-162537,2015-10-28,2015-11-03,"Standard Class",RD-19585,OFF-ST-10004258,36.63,3,0,9.8901
CA-2015-162537,2015-10-28,2015-11-03,"Standard Class",RD-19585,FUR-FU-10002885,24.1,5,0,9.158
CA-2015-162537,2015-10-28,2015-11-03,"Standard Class",RD-19585,FUR-FU-10001918,33.11,7,0,12.9129
CA-2016-155488,2016-11-13,2016-11-17,"Standard Class",FM-14290,OFF-AR-10002956,44.02,2,0,11.4452
CA-2015-124891,2015-07-31,2015-07-31,"Same Day",RH-19495,TEC-AC-10003033,2309.65,7,0,762.1845
CA-2015-124891,2015-07-31,2015-07-31,"Same Day",RH-19495,FUR-TA-10002903,1090.782,7,0.4,-290.8752
CA-2015-124891,2015-07-31,2015-07-31,"Same Day",RH-19495,OFF-PA-10004621,19.44,3,0,9.3312
CA-2015-126445,2015-08-27,2015-08-31,"Standard Class",RA-19945,OFF-ST-10000046,484.65,3,0,92.0835
CA-2015-111199,2015-11-13,2015-11-17,"Standard Class",JK-15730,OFF-PA-10001790,115.296,3,0.2,40.3536
CA-2015-105312,2015-11-06,2015-11-09,"First Class",MT-17815,OFF-EN-10002600,7.08,3,0.2,2.478
CA-2015-105312,2015-11-06,2015-11-09,"First Class",MT-17815,OFF-BI-10002049,4.401,3,0.7,-3.5208
CA-2017-135034,2017-08-01,2017-08-03,"First Class",AT-10735,TEC-PH-10003931,95.984,2,0.2,5.999
CA-2017-118437,2017-06-17,2017-06-21,"Second Class",PF-19165,FUR-FU-10004848,155.25,3,0,46.575
CA-2017-118437,2017-06-17,2017-06-21,"Second Class",PF-19165,OFF-ST-10003722,14.03,1,0,4.0687
US-2015-126214,2015-12-21,2015-12-24,"Second Class",JS-15880,FUR-TA-10003748,1618.37,13,0,356.0414
US-2015-126214,2015-12-21,2015-12-24,"Second Class",JS-15880,TEC-AC-10003198,99.6,1,0,36.852
CA-2015-133025,2015-09-17,2015-09-19,"Second Class",MO-17800,OFF-PA-10004100,32.4,5,0,15.552
CA-2015-108665,2015-07-06,2015-07-10,"Standard Class",KM-16225,FUR-FU-10002191,13.96,2,0,6.7008
CA-2015-108665,2015-07-06,2015-07-10,"Standard Class",KM-16225,FUR-FU-10000965,155.82,3,0,63.8862
CA-2015-108665,2015-07-06,2015-07-10,"Standard Class",KM-16225,TEC-PH-10004188,124.95,5,0,2.499
CA-2015-108665,2015-07-06,2015-07-10,"Standard Class",KM-16225,OFF-ST-10001526,601.65,5,0,156.429
CA-2015-124450,2015-04-27,2015-05-03,"Standard Class",GT-14710,OFF-AR-10001166,22.74,3,0,8.8686
CA-2015-124450,2015-04-27,2015-05-03,"Standard Class",GT-14710,FUR-CH-10000309,1267.53,3,0,316.8825
CA-2015-124450,2015-04-27,2015-05-03,"Standard Class",GT-14710,TEC-MA-10004212,1379.92,8,0,648.5624
CA-2015-167269,2015-06-16,2015-06-20,"Standard Class",PB-19150,OFF-EN-10003072,6.208,2,0.2,2.1728
CA-2017-106964,2017-12-17,2017-12-20,"First Class",HR-14770,OFF-BI-10000320,11.808,2,0.2,4.2804
CA-2016-126529,2016-01-11,2016-01-13,"Second Class",DE-13255,OFF-PA-10001166,15.552,3,0.2,5.4432
CA-2016-126529,2016-01-11,2016-01-13,"Second Class",DE-13255,OFF-PA-10003656,63.312,3,0.2,20.5764
CA-2016-126529,2016-01-11,2016-01-13,"Second Class",DE-13255,TEC-PH-10000148,15.588,2,0.4,-9.8724
CA-2014-163552,2014-07-11,2014-07-15,"Standard Class",LA-16780,OFF-PA-10000474,177.2,5,0,83.284
CA-2014-163552,2014-07-11,2014-07-15,"Standard Class",LA-16780,TEC-PH-10003885,197.97,3,0,57.4113
CA-2014-163552,2014-07-11,2014-07-15,"Standard Class",LA-16780,FUR-CH-10003379,854.94,3,0,213.735
